scorer,DLC_resnet50_entrenamiento_mizquierdaJun9shuffle1_20000,DLC_resnet50_entrenamiento_mizquierdaJun9shuffle1_20000,DLC_resnet50_entrenamiento_mizquierdaJun9shuffle1_20000,DLC_resnet50_entrenamiento_mizquierdaJun9shuffle1_20000,DLC_resnet50_entrenamiento_mizquierdaJun9shuffle1_20000,DLC_resnet50_entrenamiento_mizquierdaJun9shuffle1_20000,DLC_resnet50_entrenamiento_mizquierdaJun9shuffle1_20000,DLC_resnet50_entrenamiento_mizquierdaJun9shuffle1_20000,DLC_resnet50_entrenamiento_mizquierdaJun9shuffle1_20000,DLC_resnet50_entrenamiento_mizquierdaJun9shuffle1_20000,DLC_resnet50_entrenamiento_mizquierdaJun9shuffle1_20000,DLC_resnet50_entrenamiento_mizquierdaJun9shuffle1_20000
bodyparts,indice,indice,indice,corazon,corazon,corazon,anular,anular,anular,menique,menique,menique
coords,x,y,likelihood,x,y,likelihood,x,y,likelihood,x,y,likelihood
0,428.3475646972656,55.85422897338867,0.9937924146652222,451.2038879394531,63.44293212890625,0.9962067604064941,465.6343994140625,70.69246673583984,0.9184987545013428,471.9257507324219,62.87360382080078,0.030300229787826538
1,428.7920227050781,55.856544494628906,0.9941965341567993,450.9422302246094,62.978519439697266,0.9966890215873718,465.8571472167969,70.34429168701172,0.9201510548591614,472.26318359375,62.70973205566406,0.03387901186943054
2,429.1281433105469,55.98048400878906,0.9942812919616699,451.00311279296875,62.96648025512695,0.9967442750930786,465.8332214355469,70.24950408935547,0.9154376983642578,472.1103515625,62.835506439208984,0.03327345848083496
3,428.8443298339844,56.26564025878906,0.9945969581604004,450.971435546875,62.867958068847656,0.9968622922897339,465.9385681152344,70.12831115722656,0.9300000667572021,472.38128662109375,62.594940185546875,0.036177486181259155
4,429.0695495605469,56.076576232910156,0.994762122631073,450.904541015625,62.78306198120117,0.9969943761825562,465.7798156738281,70.12531280517578,0.9261025190353394,472.25006103515625,62.555049896240234,0.0359879732131958
5,428.84259033203125,56.10927963256836,0.9951737523078918,451.445068359375,62.95680236816406,0.996943473815918,466.3226013183594,70.69815063476562,0.9268945455551147,472.45343017578125,62.573246002197266,0.033532410860061646
6,428.9532775878906,56.23768997192383,0.9958481788635254,451.3499755859375,63.11878967285156,0.9972955584526062,466.41290283203125,70.67198944091797,0.9297972321510315,472.40606689453125,62.64603805541992,0.03626510500907898
7,429.1089782714844,56.22758102416992,0.9956111907958984,451.3997802734375,63.23604965209961,0.9972069263458252,466.1283264160156,70.59027099609375,0.9192838668823242,472.2559509277344,62.685848236083984,0.03226226568222046
8,429.0554504394531,56.04841232299805,0.9951965808868408,451.3654479980469,63.16595458984375,0.9973912239074707,465.933837890625,70.53789520263672,0.9087114334106445,472.2101745605469,62.68278503417969,0.030532896518707275
9,428.83563232421875,56.11982727050781,0.9951242208480835,451.496826171875,63.2911491394043,0.9970767498016357,466.23492431640625,70.74891662597656,0.9173553586006165,472.4366455078125,62.69123840332031,0.02879464626312256
10,429.3521423339844,56.411827087402344,0.9939202070236206,451.3983459472656,63.27919387817383,0.9970996379852295,466.3137512207031,70.72168731689453,0.9204859733581543,472.5198059082031,62.80328369140625,0.03171819448471069
11,429.0009765625,56.48117446899414,0.9945855140686035,451.4961242675781,63.467308044433594,0.9976427555084229,466.3268127441406,70.85465240478516,0.9268326759338379,472.4244384765625,62.79183578491211,0.033312439918518066
12,429.0041809082031,56.510841369628906,0.9946564435958862,451.6328430175781,63.66581344604492,0.9978598952293396,466.53009033203125,70.7974624633789,0.9250568151473999,472.54534912109375,62.80939483642578,0.03398957848548889
13,429.4573669433594,56.383087158203125,0.9934906959533691,451.35845947265625,63.870933532714844,0.9976208209991455,466.4486083984375,70.80814361572266,0.942488431930542,472.8873596191406,62.81329345703125,0.03433564305305481
14,429.0967712402344,56.552581787109375,0.9944562911987305,451.59600830078125,64.0800552368164,0.9976528882980347,466.7846984863281,70.7337417602539,0.9371575117111206,473.007080078125,62.62819290161133,0.03577926754951477
15,428.20770263671875,56.186561584472656,0.9928869009017944,450.46429443359375,64.57019805908203,0.9958438873291016,466.1003723144531,71.14022827148438,0.9677160382270813,473.29376220703125,62.76841354370117,0.04897952079772949
16,427.9037780761719,56.317569732666016,0.9923709630966187,449.7808532714844,64.69588470458984,0.9949638247489929,465.6942443847656,71.21614837646484,0.9798424243927002,473.1412658691406,62.5712776184082,0.05212196707725525
17,428.2611389160156,56.17342758178711,0.9932204484939575,447.8194885253906,64.55612182617188,0.9944700002670288,465.3134460449219,71.21267700195312,0.9827539324760437,472.8196105957031,62.2525749206543,0.047144800424575806
18,427.7691345214844,56.39749526977539,0.9931634664535522,449.443359375,64.94206237792969,0.9951909780502319,465.4368896484375,71.30960083007812,0.9826695919036865,472.8967590332031,62.48124313354492,0.0463331937789917
19,427.96099853515625,56.24239730834961,0.9913234710693359,449.794677734375,64.95065307617188,0.9955922365188599,465.7323913574219,71.57659912109375,0.9785966277122498,472.57012939453125,62.64370346069336,0.03389701247215271
20,427.8154602050781,55.90293502807617,0.9878540635108948,447.0506286621094,65.03394317626953,0.9958829879760742,465.724853515625,71.67090606689453,0.9816129207611084,472.70123291015625,62.82586669921875,0.026347309350967407
21,428.6298828125,55.669342041015625,0.9870603680610657,447.04058837890625,65.037841796875,0.9964557886123657,465.636474609375,71.5318832397461,0.9823836088180542,472.5289001464844,62.662200927734375,0.027441948652267456
22,428.50946044921875,55.92018127441406,0.9880242347717285,447.133544921875,64.9790267944336,0.996223509311676,465.6360778808594,71.6661605834961,0.9824732542037964,472.50201416015625,62.6253662109375,0.026232898235321045
23,428.29437255859375,55.72650146484375,0.9867435693740845,447.0276184082031,65.04390716552734,0.9962573051452637,465.5339050292969,71.76622009277344,0.9832507371902466,472.6910095214844,62.34587478637695,0.027320921421051025
24,427.996337890625,56.071632385253906,0.9865965843200684,446.9836730957031,65.20027923583984,0.9962202906608582,465.1020202636719,71.83698272705078,0.9824758768081665,472.3413391113281,62.62592315673828,0.02460584044456482
25,423.0781555175781,59.476539611816406,0.9922294616699219,444.7218933105469,67.48001861572266,0.9934604167938232,467.2276611328125,74.56875610351562,0.9794987440109253,469.42120361328125,70.00128936767578,0.014944493770599365
26,418.3328857421875,59.6810188293457,0.9948292970657349,440.75848388671875,68.0330810546875,0.9879735112190247,464.18157958984375,76.0472183227539,0.9763677716255188,452.487060546875,71.45930480957031,0.014026373624801636
27,413.94927978515625,60.79183578491211,0.9930763840675354,433.68212890625,71.7298583984375,0.9909137487411499,458.30908203125,77.14225006103516,0.9226489067077637,466.52276611328125,59.392005920410156,0.010636210441589355
28,407.7322998046875,62.88505935668945,0.9987920522689819,428.2339782714844,74.07715606689453,0.9906007051467896,452.4330749511719,79.1574935913086,0.9301587343215942,455.84429931640625,79.2342529296875,0.013399839401245117
29,399.8814392089844,67.9251937866211,0.9975189566612244,420.1953430175781,77.18399810791016,0.99510258436203,446.3791809082031,79.2016372680664,0.961762547492981,480.2154235839844,50.679649353027344,0.18805527687072754
30,375.1954345703125,84.77253723144531,0.9997954964637756,398.6163635253906,93.32891845703125,0.9939510226249695,426.3861389160156,98.49661254882812,0.9738885760307312,454.98028564453125,66.15299224853516,0.6246655583381653
31,361.67889404296875,95.55897521972656,0.9985360503196716,385.2287902832031,105.019775390625,0.9933286309242249,411.8170166015625,105.68528747558594,0.9716318845748901,447.7940673828125,73.85493469238281,0.5288927555084229
32,347.971923828125,108.58900451660156,0.9980300664901733,372.55255126953125,115.334716796875,0.9980619549751282,399.15802001953125,119.87921905517578,0.9884707927703857,434.23150634765625,84.41964721679688,0.7121781706809998
33,333.4700622558594,125.22370910644531,0.9983787536621094,357.0974426269531,132.99256896972656,0.9983052015304565,386.1736145019531,138.46461486816406,0.9895762801170349,420.412841796875,102.53515625,0.7919306755065918
34,320.3822937011719,143.75267028808594,0.9997214078903198,346.2296447753906,155.0470733642578,0.9948675632476807,379.68206787109375,155.61000061035156,0.9558829069137573,407.40625,118.6800537109375,0.9229094386100769
35,284.9554443359375,204.0799102783203,0.9985202550888062,311.62469482421875,217.926025390625,0.9977316856384277,345.78662109375,215.85824584960938,0.9909501075744629,373.1031799316406,178.0771484375,0.9655653834342957
36,270.014404296875,238.8944549560547,0.9985048770904541,305.614501953125,253.36538696289062,0.9982573390007019,342.3160705566406,249.65426635742188,0.9947509169578552,357.2578125,212.64785766601562,0.9986880421638489
37,261.3680114746094,265.0008544921875,0.9998774528503418,306.05645751953125,279.5044860839844,0.9960101842880249,333.7938232421875,270.2585144042969,0.996714174747467,343.8500671386719,234.444580078125,0.9970847368240356
38,257.83319091796875,277.4468994140625,0.9999464750289917,296.6846923828125,288.5412902832031,0.9992014169692993,331.50604248046875,278.984619140625,0.9956191778182983,338.6705627441406,246.86878967285156,0.9997552633285522
39,256.00927734375,286.9443359375,0.9996878504753113,293.9662780761719,297.2400817871094,0.9989145994186401,325.0030517578125,289.4560852050781,0.998945951461792,332.4180603027344,255.8415069580078,0.9971758127212524
40,249.59616088867188,310.1904296875,0.999953031539917,288.0478820800781,317.4068908691406,0.9980509281158447,314.42974853515625,307.6388854980469,0.9968831539154053,318.5744934082031,275.8284912109375,0.9991984963417053
41,247.065185546875,323.0735778808594,0.9999815821647644,280.1852722167969,326.37554931640625,0.9976770877838135,304.890380859375,317.96221923828125,0.9947230815887451,309.4304504394531,284.6238098144531,0.9974789619445801
42,248.08480834960938,326.62994384765625,0.9999454617500305,278.0871276855469,332.1487121582031,0.9977380633354187,302.9385681152344,320.1058044433594,0.9958775043487549,307.0854187011719,290.2266540527344,0.9993942975997925
43,247.74740600585938,329.6702880859375,0.999781608581543,280.8594055175781,333.38116455078125,0.9989999532699585,301.2365417480469,326.87908935546875,0.9912925362586975,304.94073486328125,292.3288879394531,0.9989936351776123
44,246.17166137695312,333.5755615234375,0.9996844530105591,279.7885437011719,335.34088134765625,0.9996029138565063,301.23016357421875,327.8573913574219,0.9879266619682312,302.074462890625,294.74993896484375,0.9880052804946899
45,242.63217163085938,336.55364990234375,0.9999552965164185,279.6759338378906,340.1328125,0.9996953010559082,300.5303955078125,331.6053161621094,0.9938111901283264,297.11248779296875,298.4779968261719,0.9824201464653015
46,244.21929931640625,339.10650634765625,0.9999815821647644,287.2181396484375,341.945068359375,0.9987106323242188,303.8780822753906,331.7980651855469,0.9976438283920288,299.14239501953125,298.9899597167969,0.9765404462814331
47,248.704833984375,339.84613037109375,0.999955952167511,289.5446472167969,343.1271667480469,0.9953885674476624,304.2237854003906,335.79736328125,0.9963653683662415,307.7127380371094,301.3019714355469,0.9977391958236694
48,251.56130981445312,342.7492370605469,0.9997292757034302,289.2377624511719,343.3555908203125,0.9963283538818359,307.8935241699219,335.8623046875,0.9967517852783203,311.6361389160156,303.84088134765625,0.9965903759002686
49,251.4010009765625,342.1344909667969,0.9997671842575073,288.9225158691406,342.6039123535156,0.9957399368286133,307.7304382324219,329.1182556152344,0.9955088496208191,313.1322021484375,302.8360595703125,0.9930205941200256
50,255.6605224609375,342.6436462402344,0.999653160572052,289.872314453125,342.662109375,0.9991189241409302,311.0347900390625,329.4134826660156,0.9839394092559814,317.4965515136719,302.0539245605469,0.9925999641418457
51,255.68067932128906,343.3540344238281,0.9996234178543091,289.78057861328125,342.5033874511719,0.9989853501319885,315.1795349121094,335.1776428222656,0.9863015413284302,316.8908996582031,303.3086853027344,0.9936035871505737
52,254.94017028808594,343.9867858886719,0.9995853304862976,290.0317077636719,342.3070373535156,0.9987989664077759,315.20281982421875,335.3031005859375,0.9870692491531372,317.4189147949219,302.09539794921875,0.9956405162811279
53,254.4720916748047,343.8108825683594,0.9996637105941772,290.3935241699219,342.6021423339844,0.9986039400100708,317.037353515625,336.9111328125,0.9922904968261719,318.35455322265625,302.87677001953125,0.9986513257026672
54,254.28466796875,343.9182434082031,0.9996644258499146,290.4338684082031,342.9124450683594,0.9984831809997559,317.4415588378906,337.0553283691406,0.9920955896377563,319.2245788574219,303.085205078125,0.9991445541381836
55,252.46383666992188,342.9321594238281,0.9998470544815063,292.96661376953125,343.64776611328125,0.9990377426147461,314.88262939453125,334.9959716796875,0.9866018295288086,317.46197509765625,302.1627502441406,0.9964609742164612
56,250.12249755859375,342.7931823730469,0.9998769164085388,291.40960693359375,341.40948486328125,0.9829657077789307,311.6934509277344,325.79510498046875,0.9877835512161255,318.970458984375,303.14813232421875,0.9979755878448486
57,249.26528930664062,343.79107666015625,0.9997569918632507,291.5873718261719,342.2780456542969,0.9981666207313538,316.0522155761719,324.71435546875,0.9907205700874329,320.7429504394531,301.9138488769531,0.9979566335678101
58,254.19354248046875,347.4757080078125,0.9992436170578003,306.1043701171875,343.14068603515625,0.998762309551239,323.9092102050781,329.6599426269531,0.981511116027832,332.5584411621094,301.7850036621094,0.9924050569534302
59,262.704833984375,351.4761657714844,0.9995630383491516,310.4632263183594,345.992431640625,0.9990587830543518,336.6109313964844,329.2803955078125,0.967894434928894,343.0165100097656,301.3448791503906,0.9976906776428223
60,316.0877990722656,361.46612548828125,0.9969731569290161,360.2367248535156,354.6279296875,0.9756968021392822,396.33966064453125,328.4685363769531,0.9605395793914795,393.8817138671875,299.75262451171875,0.9922139048576355
61,336.9788513183594,361.5175476074219,0.9958959221839905,381.02886962890625,352.18731689453125,0.9911045432090759,411.9956970214844,327.56463623046875,0.9545860290527344,411.8054504394531,297.4775390625,0.9940695762634277
62,377.7169494628906,364.9161376953125,0.9889031648635864,421.9065856933594,350.2427978515625,0.962014377117157,452.1529541015625,322.074951171875,0.9470290541648865,450.4542541503906,295.42791748046875,0.9977421760559082
63,399.2640380859375,366.2533874511719,0.9916557669639587,442.206787109375,349.1176452636719,0.9065359830856323,467.53680419921875,318.90234375,0.616391122341156,467.7105712890625,292.0521545410156,0.9979134798049927
64,419.24322509765625,365.35308837890625,0.9914054870605469,424.394287109375,368.91558837890625,0.8180416822433472,484.8812561035156,310.2139587402344,0.7860146164894104,484.20166015625,290.3822937011719,0.9949352741241455
65,459.36505126953125,366.5755310058594,0.987252950668335,501.9155578613281,341.533935546875,0.9351681470870972,514.5405883789062,307.38629150390625,0.5956651568412781,515.7228393554688,283.5886535644531,0.956303596496582
66,475.2477722167969,367.787841796875,0.9899582862854004,516.9734497070312,342.3629150390625,0.9819043874740601,528.3729248046875,308.7348937988281,0.7254363298416138,529.3040161132812,285.85845947265625,0.9737141728401184
67,481.6986999511719,368.5072937011719,0.9950122833251953,522.5435791015625,344.9985656738281,0.9768331050872803,527.4208984375,326.4087829589844,0.4115777611732483,530.5464477539062,284.3077392578125,0.9580451846122742
68,486.0426025390625,368.49932861328125,0.9987660646438599,524.4613037109375,343.7453918457031,0.9746263027191162,529.2837524414062,336.3339538574219,0.39656105637550354,534.72021484375,283.2806396484375,0.9101019501686096
69,489.9496765136719,370.2123107910156,0.9975512027740479,528.3182373046875,347.32275390625,0.9581288695335388,531.6439208984375,339.38372802734375,0.5234060287475586,540.856689453125,287.9664611816406,0.901090145111084
70,492.3323669433594,376.8697509765625,0.9941372871398926,529.956298828125,351.43658447265625,0.9885204434394836,544.8310546875,324.3709411621094,0.332086443901062,542.8485107421875,293.5202331542969,0.9394607543945312
71,494.8897399902344,378.079345703125,0.9842687845230103,531.9546508789062,352.9675598144531,0.9910939931869507,545.120849609375,325.02490234375,0.5135805606842041,543.52880859375,294.6229553222656,0.9447157382965088
72,494.7187805175781,379.4466857910156,0.9772690534591675,532.8133544921875,353.8649597167969,0.9943817257881165,537.9417114257812,339.3460388183594,0.49856817722320557,541.4686889648438,297.5904235839844,0.9624310731887817
73,495.9039001464844,380.4170837402344,0.9514666199684143,532.186767578125,354.9768981933594,0.991278350353241,542.245849609375,335.8630065917969,0.5552147626876831,541.261474609375,298.18096923828125,0.9386934041976929
74,493.484375,379.53790283203125,0.9840406775474548,530.8693237304688,354.8233642578125,0.9892725348472595,539.8134155273438,338.2459411621094,0.5903052687644958,540.879150390625,298.48992919921875,0.949698805809021
75,482.2716064453125,380.2210388183594,0.9855812788009644,488.8839111328125,384.7041015625,0.8804104328155518,536.6505737304688,329.86065673828125,0.5805114507675171,535.0810546875,297.07421875,0.9604340195655823
76,470.6805114746094,381.4164733886719,0.987708330154419,481.6675109863281,384.98370361328125,0.9758049249649048,531.294677734375,336.0135192871094,0.9913166761398315,528.0383911132812,302.08306884765625,0.9603977203369141
77,457.52984619140625,382.9461669921875,0.9971455931663513,499.0738830566406,361.5151672363281,0.9952515363693237,517.1494140625,341.5897521972656,0.969814658164978,518.398193359375,304.3048095703125,0.9855104684829712
78,437.53851318359375,383.735107421875,0.9982770681381226,476.94091796875,367.2285461425781,0.943444013595581,508.2073059082031,339.2154846191406,0.9901754856109619,503.38702392578125,305.4167175292969,0.988705039024353
79,419.0621032714844,385.1772155761719,0.9988774061203003,458.4296569824219,368.5628662109375,0.9827790856361389,486.60443115234375,345.3138732910156,0.9779821634292603,484.925048828125,308.8826599121094,0.9986588954925537
80,359.5006103515625,382.8904724121094,0.9993151426315308,395.4232177734375,370.8403015136719,0.992630660533905,428.3922119140625,351.00238037109375,0.9833593368530273,430.82489013671875,313.1181945800781,0.9992449283599854
81,341.0388488769531,380.946533203125,0.9976710081100464,382.5295715332031,368.46942138671875,0.9979280233383179,412.22821044921875,347.2313537597656,0.9884729385375977,414.315185546875,313.1402587890625,0.9988530874252319
82,327.1898498535156,377.82080078125,0.9990252256393433,366.0351867675781,366.97552490234375,0.9977188110351562,393.6667785644531,351.34619140625,0.9859327077865601,399.66943359375,312.8551940917969,0.9995320439338684
83,313.49224853515625,374.45953369140625,0.9996832609176636,354.3165283203125,363.2682189941406,0.9980618357658386,381.7638854980469,347.1222839355469,0.9806280732154846,385.8228759765625,313.4096374511719,0.9998026490211487
84,287.76409912109375,366.2256774902344,0.9983948469161987,326.3235778808594,360.6805419921875,0.9965770244598389,353.3043212890625,347.38433837890625,0.9969527721405029,358.65618896484375,311.12890625,0.999740719795227
85,263.187255859375,352.9221496582031,0.9998125433921814,297.0702819824219,349.7934265136719,0.992496132850647,324.3308410644531,337.9374084472656,0.9931596517562866,331.83856201171875,307.04046630859375,0.9968802332878113
86,254.59637451171875,346.8578796386719,0.9980297088623047,290.408447265625,344.0509033203125,0.9967002272605896,310.9382019042969,333.83245849609375,0.9590862989425659,320.1087341308594,306.3572082519531,0.999218225479126
87,250.6328125,342.9881591796875,0.9997643232345581,284.0454406738281,342.7784729003906,0.9926217794418335,307.08740234375,325.87823486328125,0.9891553521156311,315.40753173828125,303.753173828125,0.986728310585022
88,246.72109985351562,340.8851623535156,0.9999340772628784,276.671630859375,340.68731689453125,0.9884529113769531,303.3171691894531,325.87158203125,0.993945837020874,312.30206298828125,303.8518981933594,0.9982044696807861
89,243.02183532714844,339.0901794433594,0.9999558925628662,272.30816650390625,341.63189697265625,0.9833328127861023,300.6050720214844,327.4020690917969,0.9976144433021545,307.0480651855469,303.533935546875,0.9986162185668945
90,248.79843139648438,338.3847351074219,0.9998834729194641,277.026123046875,341.0329895019531,0.984287440776825,299.600830078125,323.8431701660156,0.9745544791221619,305.1065673828125,305.9751281738281,0.9984194040298462
91,250.66664123535156,339.4388122558594,0.9997626543045044,278.56280517578125,341.7402038574219,0.9310183525085449,302.2309875488281,327.450927734375,0.9748538732528687,306.9744873046875,305.2309265136719,0.9990055561065674
92,251.1597137451172,339.1145935058594,0.9997134208679199,278.6878356933594,342.5517578125,0.9745004773139954,303.4626770019531,329.18133544921875,0.9692428112030029,308.7307434082031,305.2396240234375,0.9991611242294312
93,251.16444396972656,339.3838195800781,0.9996737837791443,292.0892639160156,342.42376708984375,0.9001258015632629,302.56256103515625,334.4176940917969,0.9775362014770508,309.1560363769531,305.6982421875,0.999205470085144
94,251.35733032226562,338.9313659667969,0.9997014999389648,292.2852783203125,342.4721374511719,0.9455944299697876,302.8179931640625,334.4577331542969,0.9805948734283447,309.53094482421875,305.3936767578125,0.9989496469497681
95,247.872802734375,338.8586120605469,0.9999393820762634,291.811279296875,341.8480529785156,0.8966905474662781,302.3459777832031,327.15655517578125,0.9813294410705566,310.7021484375,305.21942138671875,0.9983323812484741
96,244.88107299804688,339.20562744140625,0.9999659061431885,276.00244140625,339.97332763671875,0.9781609773635864,305.83599853515625,330.7710876464844,0.998981237411499,312.03057861328125,303.09368896484375,0.9979366064071655
97,242.7278289794922,341.0293884277344,0.9999114871025085,277.136474609375,341.9860534667969,0.9955133199691772,303.5314025878906,329.04888916015625,0.9796522259712219,311.5645446777344,305.6805114746094,0.9991776347160339
98,242.14479064941406,342.0940246582031,0.9998289942741394,276.91741943359375,344.113525390625,0.9880428314208984,307.1902160644531,329.611083984375,0.9907286167144775,313.4786682128906,304.3146057128906,0.9883641600608826
99,245.56202697753906,345.91412353515625,0.9997689723968506,277.3733825683594,347.2715759277344,0.996307909488678,311.5537414550781,335.93707275390625,0.9878969192504883,318.96832275390625,306.9053649902344,0.999173641204834
100,272.8016662597656,363.5188903808594,0.9991586804389954,317.3851623535156,359.5459289550781,0.9966386556625366,342.5704040527344,346.28057861328125,0.9908231496810913,352.0280456542969,313.1470947265625,0.9995811581611633
101,304.0882568359375,375.90533447265625,0.9986907243728638,346.012451171875,366.8478698730469,0.9983187913894653,375.70037841796875,353.00054931640625,0.9882861375808716,381.5829772949219,318.3819580078125,0.9982839822769165
102,322.9866027832031,379.4851379394531,0.997623085975647,367.7156677246094,367.9326477050781,0.9988545179367065,391.4496765136719,355.9828796386719,0.9894353747367859,398.9922790527344,318.9277038574219,0.9990071058273315
103,341.6044616699219,383.04058837890625,0.999211311340332,385.49578857421875,371.5292053222656,0.9993321895599365,414.2953186035156,356.0576477050781,0.9928172826766968,418.03839111328125,320.41583251953125,0.9996927976608276
104,379.1365966796875,386.2542419433594,0.9993815422058105,419.4046630859375,373.6260681152344,0.9988273978233337,449.1412658691406,353.8829345703125,0.9974936246871948,451.0846862792969,317.20733642578125,0.9984304904937744
105,428.4321594238281,387.4219970703125,0.9981082081794739,466.66766357421875,372.27044677734375,0.9743115901947021,496.416259765625,346.3387451171875,0.9916729927062988,495.352294921875,312.4786071777344,0.9932693243026733
106,450.83935546875,387.1806640625,0.9993547797203064,487.827392578125,372.7440490722656,0.9826552271842957,514.6937255859375,349.01336669921875,0.9566466808319092,514.8819580078125,312.36328125,0.99388587474823
107,459.94622802734375,389.264892578125,0.9987666606903076,499.3707275390625,369.8546447753906,0.9976686835289001,523.2468872070312,347.7472229003906,0.9694424867630005,522.0303955078125,310.5382080078125,0.974594235420227
108,468.61279296875,388.04278564453125,0.9991917014122009,502.5308837890625,372.6208801269531,0.9692726135253906,529.5674438476562,348.2295837402344,0.9839365482330322,528.28466796875,310.8724365234375,0.9874818325042725
109,474.9740295410156,387.8814697265625,0.9983940720558167,482.9967956542969,391.5892028808594,0.9528554081916809,533.0593872070312,345.7075500488281,0.9377740025520325,533.4505004882812,309.6205749511719,0.9912865161895752
110,486.3125915527344,385.20599365234375,0.9985129833221436,499.92718505859375,386.7862548828125,0.9147313833236694,537.5054321289062,341.7457580566406,0.7973157167434692,539.7527465820312,307.4746398925781,0.9715851545333862
111,491.51287841796875,385.13134765625,0.9924482107162476,502.6728210449219,388.42364501953125,0.9272722005844116,532.38427734375,355.05816650390625,0.8131327033042908,543.0853881835938,306.97088623046875,0.9849369525909424
112,492.07403564453125,383.9625549316406,0.9890060424804688,502.4986267089844,389.7507629394531,0.9603066444396973,540.9755249023438,343.3697204589844,0.916393518447876,544.0128173828125,306.2652587890625,0.9884045124053955
113,492.4696350097656,384.0369873046875,0.9910793304443359,502.8257141113281,389.8960876464844,0.9631587266921997,541.000244140625,344.6329650878906,0.9556666016578674,543.84814453125,305.9968566894531,0.9835989475250244
114,491.78265380859375,383.8457336425781,0.9920703172683716,502.7288818359375,389.58673095703125,0.9617857336997986,543.4826049804688,346.9652404785156,0.9577341079711914,544.051513671875,305.8856506347656,0.9871643781661987
115,492.47650146484375,383.8370056152344,0.9918198585510254,523.84228515625,368.2182312011719,0.9661612510681152,544.0921020507812,346.7143859863281,0.956445574760437,544.830810546875,306.736572265625,0.9904452562332153
116,491.221923828125,383.69317626953125,0.9883581399917603,501.9619140625,387.76434326171875,0.9439774751663208,537.5280151367188,340.6851501464844,0.775227427482605,542.7634887695312,304.683837890625,0.976811945438385
117,486.15020751953125,382.6531982421875,0.9929511547088623,493.4626159667969,387.423095703125,0.9421132802963257,535.5847778320312,338.7343444824219,0.8234654664993286,538.6724853515625,305.315673828125,0.9728009700775146
118,477.0126037597656,383.6950378417969,0.9902492761611938,485.837158203125,388.6285095214844,0.9712771773338318,528.3289184570312,340.7980041503906,0.886620283126831,534.3765869140625,305.4148864746094,0.9974952936172485
119,447.7419128417969,383.49462890625,0.9983718395233154,482.7635192871094,369.763916015625,0.9738526344299316,506.625732421875,342.23370361328125,0.9464690685272217,510.6208801269531,309.9018249511719,0.9856796264648438
120,386.12994384765625,383.9269714355469,0.9975919127464294,412.2328186035156,376.3885192871094,0.9658973217010498,449.7757873535156,349.57061767578125,0.9890204668045044,451.63421630859375,315.3779602050781,0.9983834028244019
121,343.24029541015625,382.6116943359375,0.9992547035217285,373.0142517089844,374.6554870605469,0.9953836798667908,407.6649475097656,353.502685546875,0.99395751953125,412.5106506347656,319.060302734375,0.9977675676345825
122,323.1735534667969,380.53765869140625,0.9971859455108643,354.5072021484375,372.033935546875,0.9989019632339478,385.59344482421875,354.98828125,0.9899362325668335,393.5037841796875,319.7716369628906,0.9989254474639893
123,304.9644775390625,378.0270080566406,0.9971029162406921,337.4021911621094,370.27471923828125,0.999208927154541,367.4046325683594,354.7159423828125,0.9900192022323608,375.7430725097656,321.7925720214844,0.9996727705001831
124,273.288818359375,372.07794189453125,0.9998195171356201,305.54156494140625,366.5405578613281,0.9977567195892334,337.5546875,354.51751708984375,0.9970189929008484,345.01885986328125,322.388916015625,0.9988781809806824
125,243.00099182128906,360.8203125,0.9996285438537598,276.29949951171875,359.7760925292969,0.9950107336044312,304.14312744140625,344.5411071777344,0.9951170682907104,311.9328308105469,312.6531982421875,0.9950230121612549
126,232.3771209716797,354.83428955078125,0.9999427795410156,259.24041748046875,352.7248229980469,0.9991382956504822,293.5367431640625,339.44219970703125,0.99918532371521,298.5822448730469,310.9158020019531,0.9973878860473633
127,227.58604431152344,351.4882507324219,0.999832808971405,256.62335205078125,351.8805236816406,0.9958978891372681,285.05224609375,338.5618896484375,0.993872344493866,295.7623596191406,309.95770263671875,0.998108983039856
128,226.37005615234375,348.3530578613281,0.9990741610527039,254.0510711669922,349.7882385253906,0.9903979301452637,283.8055419921875,336.6279296875,0.9889885187149048,292.2184753417969,310.62274169921875,0.9992618560791016
129,231.97509765625,344.47320556640625,0.9997464418411255,258.28619384765625,346.439208984375,0.9936487674713135,288.5865478515625,328.3373718261719,0.98159259557724,293.0687255859375,306.95233154296875,0.9970835447311401
130,242.6294708251953,341.43939208984375,0.9997051954269409,264.4794921875,343.18182373046875,0.983955979347229,290.7144470214844,325.6641540527344,0.9852537512779236,295.7599792480469,307.917724609375,0.9915376901626587
131,247.01889038085938,341.83306884765625,0.9998244643211365,269.2427062988281,342.26910400390625,0.9900554418563843,292.6470031738281,326.0873107910156,0.9707996845245361,296.48077392578125,309.102783203125,0.9875737428665161
132,249.7681427001953,339.877197265625,0.9995098114013672,271.1575012207031,342.6291809082031,0.9937865734100342,295.22454833984375,325.5580749511719,0.9581683874130249,297.46942138671875,307.3866271972656,0.9736063480377197
133,249.4443359375,340.9044189453125,0.9997937679290771,272.2864990234375,342.2810974121094,0.9933820366859436,296.53009033203125,325.7967529296875,0.9255456924438477,301.68670654296875,306.8417663574219,0.9918074011802673
134,243.2752685546875,340.4107666015625,0.9999039769172668,268.81317138671875,340.9742431640625,0.995790958404541,294.68896484375,325.7044372558594,0.9693698287010193,300.74285888671875,306.22174072265625,0.9844944477081299
135,231.3057403564453,348.87298583984375,0.9996246099472046,261.35906982421875,346.8132019042969,0.9972835779190063,293.49554443359375,334.1778869628906,0.9835027456283569,304.2833557128906,307.8172912597656,0.9991283416748047
136,240.7712860107422,351.7851257324219,0.9995344281196594,274.43157958984375,349.4143981933594,0.9963445663452148,307.9578857421875,334.31756591796875,0.9972712993621826,315.4976806640625,307.4496765136719,0.9973286986351013
137,257.9628601074219,354.43597412109375,0.9999022483825684,294.46435546875,349.70318603515625,0.9982759952545166,327.78094482421875,336.016845703125,0.9941757321357727,337.63775634765625,306.5502624511719,0.9998190402984619
138,318.3268127441406,365.3799133300781,0.9950562715530396,359.2147216796875,355.72540283203125,0.9983365535736084,388.0006103515625,339.8207092285156,0.9976519346237183,392.8636474609375,307.3547668457031,0.9994614124298096
139,352.3929748535156,369.6875,0.999086856842041,388.2554931640625,360.5539855957031,0.9914256930351257,422.8924255371094,338.19036865234375,0.9858149290084839,424.37823486328125,307.1070251464844,0.9992671012878418
140,435.7853698730469,374.6900634765625,0.9985855221748352,497.60906982421875,348.7227783203125,0.9543081521987915,498.55670166015625,337.53143310546875,0.9469966888427734,495.9854736328125,304.1452941894531,0.99086594581604
141,467.09405517578125,376.4081115722656,0.9948848485946655,500.37591552734375,361.5373229980469,0.927933931350708,525.1905517578125,335.1568298339844,0.865455150604248,522.1363525390625,303.6033935546875,0.9415307641029358
142,473.0253601074219,379.89031982421875,0.9821546673774719,483.4433898925781,383.0916442871094,0.8163092136383057,531.0758666992188,336.830810546875,0.7981541752815247,528.8780517578125,304.60906982421875,0.9801991581916809
143,481.012451171875,382.5553283691406,0.9952398538589478,488.8940734863281,388.3144836425781,0.9038896560668945,514.96923828125,365.299072265625,0.9452140927314758,534.36767578125,306.3534851074219,0.9944707155227661
144,489.93463134765625,383.345703125,0.9932615756988525,500.5260009765625,386.8950500488281,0.9707660675048828,537.31787109375,341.6767272949219,0.9283326864242554,536.5990600585938,307.871826171875,0.9869595170021057
145,463.2122497558594,387.1128234863281,0.9986437559127808,475.0072326660156,392.9112243652344,0.8723812699317932,520.7864990234375,340.7064514160156,0.8558430671691895,518.6793212890625,311.99908447265625,0.9635728001594543
146,401.82470703125,385.60968017578125,0.998428225517273,427.76373291015625,379.63848876953125,0.9705368280410767,467.62445068359375,346.6941833496094,0.9793140888214111,463.1893005371094,318.149658203125,0.9945710897445679
147,367.3688659667969,382.9277038574219,0.9976695775985718,396.1982116699219,373.6897888183594,0.9935600757598877,429.88751220703125,350.59112548828125,0.9140512943267822,430.8110656738281,317.09747314453125,0.9979450702667236
148,305.0741271972656,374.0224304199219,0.9994935393333435,337.45892333984375,366.0280456542969,0.9963374733924866,368.87109375,345.4274597167969,0.9839245080947876,374.60614013671875,315.5903015136719,0.9983487129211426
149,276.68170166015625,367.2846984863281,0.9998523592948914,309.4355773925781,363.48162841796875,0.9963319301605225,346.3948669433594,344.81268310546875,0.9958682060241699,353.3360290527344,311.75469970703125,0.999407172203064
150,241.11679077148438,353.4919738769531,0.999640941619873,272.8926086425781,350.4465026855469,0.996624231338501,302.73187255859375,333.7808532714844,0.9984118938446045,309.9453125,307.3044128417969,0.9993541240692139
151,237.21499633789062,349.02508544921875,0.9975876808166504,263.2252502441406,348.1007995605469,0.9949885010719299,298.3724365234375,330.0426025390625,0.986522376537323,305.4485778808594,304.82464599609375,0.9978939294815063
152,236.43545532226562,344.7997741699219,0.9993170499801636,260.8786926269531,345.37030029296875,0.9962855577468872,293.40185546875,323.6613464355469,0.9837261438369751,303.5158996582031,297.0439758300781,0.9884531497955322
153,236.1100311279297,340.357666015625,0.9995595216751099,260.9627990722656,338.9385070800781,0.9983919858932495,292.4447326660156,322.4394836425781,0.9971271753311157,296.76763916015625,297.71221923828125,0.9820860624313354
154,238.5181884765625,338.5994873046875,0.999636173248291,264.2319030761719,338.5765380859375,0.9976961612701416,294.2327880859375,320.9736022949219,0.9957800507545471,297.36566162109375,297.6075439453125,0.9810652732849121
155,242.2594451904297,338.3134765625,0.9998631477355957,271.3270568847656,337.546142578125,0.9986255168914795,293.673583984375,320.2119445800781,0.9789922833442688,299.5067138671875,299.9576110839844,0.9595448970794678
156,243.721923828125,338.8871154785156,0.999917209148407,270.7167053222656,338.6546325683594,0.9981721639633179,295.0176086425781,321.532958984375,0.9888760447502136,300.1300048828125,303.64703369140625,0.9433677792549133
157,244.43466186523438,338.6797180175781,0.9999193549156189,270.1103515625,339.85137939453125,0.9974690675735474,295.2172546386719,321.8642272949219,0.9874701499938965,298.69659423828125,299.9459228515625,0.9536846280097961
158,244.98202514648438,340.18780517578125,0.9999168515205383,269.51019287109375,340.8150329589844,0.997360348701477,294.52764892578125,322.2693786621094,0.9822049736976624,299.6387023925781,303.7132568359375,0.9490552544593811
159,245.69696044921875,340.541015625,0.9999071359634399,269.9143371582031,340.8035888671875,0.9960963726043701,295.02935791015625,322.8255615234375,0.9751148223876953,299.4548034667969,303.8107604980469,0.9606794118881226
160,250.34043884277344,342.65582275390625,0.9994007349014282,270.001953125,343.0300598144531,0.9907301068305969,297.3822937011719,324.4510498046875,0.9395074844360352,299.01904296875,305.2166748046875,0.9619030952453613
161,255.07879638671875,344.58758544921875,0.9982338547706604,275.8370361328125,347.09552001953125,0.9844080209732056,300.59796142578125,325.16156005859375,0.8908963203430176,303.2384338378906,307.54498291015625,0.9953798055648804
162,254.84033203125,344.2878112792969,0.9984419345855713,275.4486999511719,347.126953125,0.989626407623291,300.21246337890625,324.1971130371094,0.7154727578163147,303.2760009765625,307.6362609863281,0.9937163591384888
163,254.60113525390625,344.0992736816406,0.9986735582351685,275.8265075683594,347.2648010253906,0.9840744733810425,300.5199279785156,324.7311706542969,0.894971489906311,302.7384948730469,307.29632568359375,0.9905605316162109
164,253.97390747070312,343.5973205566406,0.9988455772399902,276.0118713378906,347.80450439453125,0.9823833703994751,300.3955993652344,323.87127685546875,0.8756299018859863,302.9032897949219,307.8935241699219,0.9882158041000366
165,253.33291625976562,342.7098083496094,0.9988211393356323,272.802734375,346.7704772949219,0.9807476997375488,299.0892333984375,324.3554382324219,0.9491493105888367,299.01116943359375,304.9977722167969,0.9638037085533142
166,246.03887939453125,340.9582214355469,0.9998220205307007,268.3106994628906,340.7831115722656,0.995019257068634,290.12677001953125,321.5209045410156,0.9882454872131348,293.9700622558594,303.0684814453125,0.9795058965682983
167,241.28594970703125,339.13519287109375,0.9992162585258484,262.4622802734375,337.83026123046875,0.9979642629623413,285.7247314453125,318.7181701660156,0.9674654006958008,292.229736328125,301.611083984375,0.9809234142303467
168,233.66549682617188,333.43695068359375,0.9983195066452026,252.78158569335938,336.4443359375,0.9967012405395508,283.7218322753906,318.8528137207031,0.9856400489807129,287.2022399902344,292.27496337890625,0.9811190962791443
169,226.17897033691406,327.8479309082031,0.9988263845443726,245.9209442138672,330.45562744140625,0.9908450245857239,273.39044189453125,310.30718994140625,0.9643192291259766,276.8132629394531,290.4140319824219,0.9929839968681335
170,210.18685913085938,297.984619140625,0.9981247186660767,230.5177459716797,297.1054992675781,0.987337589263916,261.04962158203125,280.2226257324219,0.9938491582870483,263.62249755859375,258.864990234375,0.9789172410964966
171,207.42034912109375,262.1464538574219,0.9995508790016174,229.82479858398438,261.0462951660156,0.9975714683532715,258.71051025390625,248.2987518310547,0.9986354112625122,272.691650390625,222.2304229736328,0.9945555925369263
172,208.06759643554688,239.9569854736328,0.9996657967567444,233.800537109375,240.75563049316406,0.9963172674179077,264.0411071777344,228.46511840820312,0.9995279312133789,276.50323486328125,200.4499969482422,0.9941611289978027
173,217.48023986816406,217.2782440185547,0.9988443851470947,241.0874481201172,219.1044158935547,0.9935656785964966,269.0018310546875,206.0227813720703,0.9965949654579163,278.7474670410156,181.74546813964844,0.9867038130760193
174,225.82496643066406,193.17955017089844,0.9998144507408142,249.88372802734375,195.745361328125,0.9949339628219604,279.6515197753906,181.7275848388672,0.9980694055557251,292.73016357421875,157.98828125,0.9876987338066101
175,273.1268005371094,121.50736236572266,0.9986141920089722,294.560302734375,122.99977111816406,0.9936208724975586,323.32452392578125,110.02409362792969,0.994867742061615,338.7335205078125,86.00291442871094,0.7186020612716675
176,287.15167236328125,98.43051147460938,0.9994925260543823,317.4768371582031,99.19375610351562,0.9933810234069824,342.2355651855469,85.51296997070312,0.9926121830940247,355.2038269042969,61.233795166015625,0.5133124589920044
177,304.5738830566406,76.55906677246094,0.997162938117981,335.712890625,77.62887573242188,0.9883251190185547,358.71246337890625,67.10243225097656,0.9133976697921753,363.9828186035156,50.382450103759766,0.1417376697063446
178,320.4061584472656,57.792274475097656,0.9927220940589905,348.9343566894531,61.48991394042969,0.9839332103729248,371.4335021972656,57.6363410949707,0.07916572690010071,358.2970275878906,57.35124206542969,0.005701661109924316
179,334.96063232421875,47.148414611816406,0.03918120265007019,366.4006042480469,49.42872619628906,0.008203655481338501,365.6096496582031,43.618717193603516,0.0002365410327911377,338.431396484375,53.89638137817383,0.0002683699131011963
180,-3.3462276458740234,716.6251831054688,8.095851808320731e-05,144.63621520996094,601.9852294921875,5.273990609566681e-06,860.0658569335938,606.0280151367188,1.1677638212859165e-05,994.447509765625,-0.271242618560791,7.517206086049555e-06
181,-3.382084369659424,716.6139526367188,7.498965715058148e-05,144.2786865234375,602.1588745117188,7.038995136099402e-06,860.0592651367188,606.1095581054688,9.32835610001348e-06,994.4494018554688,-0.27102231979370117,7.512354386562947e-06
182,-3.382082462310791,716.6138916015625,7.501540676457807e-05,144.479736328125,602.2645263671875,6.884132289997069e-06,860.173828125,605.9664916992188,1.1818536222563125e-05,994.4478149414062,-0.27164363861083984,7.520698090957012e-06
183,-3.3821659088134766,716.61376953125,7.504567474825308e-05,144.57427978515625,602.3646240234375,7.315851235034643e-06,859.9649658203125,606.1049194335938,1.2467811757232994e-05,994.4473266601562,-0.27174806594848633,7.520526196458377e-06
184,-3.3822073936462402,716.6137084960938,7.504718087147921e-05,144.40814208984375,602.18505859375,7.707605618634261e-06,860.0786743164062,605.9573364257812,1.1451423233665992e-05,994.44873046875,-0.2711491584777832,7.5141956585866865e-06
185,-3.382148265838623,716.61376953125,7.501669460907578e-05,144.29721069335938,602.2017822265625,7.646355697943363e-06,860.0072631835938,605.9944458007812,1.290035288548097e-05,994.4471435546875,-0.2715339660644531,7.520066901633982e-06
186,-3.382190704345703,716.61376953125,7.505076064262539e-05,144.62416076660156,602.1736450195312,9.303097613155842e-06,860.0948486328125,606.0052490234375,1.1992338841082528e-05,994.447509765625,-0.27138710021972656,7.520375220337883e-06
187,-3.382150173187256,716.6138305664062,7.505319081246853e-05,144.4309844970703,602.1346435546875,7.597856438223971e-06,860.0579833984375,605.9683227539062,1.3621408470498864e-05,994.4481811523438,-0.27149391174316406,7.517722224292811e-06
188,-3.382181167602539,716.6139526367188,7.503994856961071e-05,144.6525115966797,601.9822998046875,6.192018190631643e-06,860.0079956054688,605.8924560546875,1.3669844520336483e-05,994.4476928710938,-0.2714972496032715,7.520002327510156e-06
189,-3.382181167602539,716.6137084960938,7.507931877626106e-05,144.4290008544922,602.1466064453125,7.544993877672823e-06,860.1491088867188,605.9614868164062,1.174633052869467e-05,994.44873046875,-0.2715272903442383,7.518826350860763e-06
190,-3.3822388648986816,716.6138916015625,7.507931877626106e-05,144.5437469482422,602.2482299804688,7.400471986329649e-06,860.2250366210938,605.908935546875,1.3295162716531195e-05,994.4482421875,-0.2713809013366699,7.518754500779323e-06
191,-3.382218837738037,716.6137084960938,7.507180271204561e-05,144.1792755126953,602.0657348632812,7.973701940500177e-06,860.0851440429688,605.902099609375,1.3745705473411363e-05,994.4476318359375,-0.27188682556152344,7.521236057073111e-06
192,-3.3821587562561035,716.6138305664062,7.506536348955706e-05,144.56295776367188,601.9554443359375,7.724361239525024e-06,860.0701293945312,605.9591674804688,1.2907613381685223e-05,994.4475708007812,-0.2717018127441406,7.520088274759473e-06
193,-3.382298469543457,716.6136474609375,7.514701428590342e-05,129.77658081054688,604.2307739257812,8.966348104877397e-06,860.29541015625,605.8849487304688,1.4823087440163363e-05,994.44775390625,-0.2713775634765625,7.517457106587244e-06
194,-3.3823132514953613,716.6137084960938,7.512795127695426e-05,129.7918701171875,603.984130859375,8.333447112818249e-06,860.0460205078125,605.8807983398438,1.7687360013951547e-05,994.4491577148438,-0.27136754989624023,7.5145680966670625e-06
195,-3.382389545440674,716.613525390625,7.517977064708248e-05,129.80319213867188,604.1809692382812,1.0829723578353878e-05,860.1024780273438,605.82373046875,1.608986349310726e-05,994.4494018554688,-0.27160120010375977,7.509137958550127e-06
196,-3.3824286460876465,716.6133422851562,7.520645158365369e-05,129.8831024169922,604.124267578125,1.0954476238111965e-05,860.18798828125,606.010986328125,2.127176230715122e-05,994.4473266601562,-0.27309322357177734,7.524687134718988e-06
197,-3.3824410438537598,716.6132202148438,7.519892096752301e-05,129.8467559814453,604.0377197265625,9.533092452329583e-06,860.15771484375,605.7252197265625,2.0069239326403476e-05,994.4474487304688,-0.2724437713623047,7.520353847212391e-06
