scorer,DLC_resnet50_entrenamiento_mderechaJun21shuffle1_20000,DLC_resnet50_entrenamiento_mderechaJun21shuffle1_20000,DLC_resnet50_entrenamiento_mderechaJun21shuffle1_20000,DLC_resnet50_entrenamiento_mderechaJun21shuffle1_20000,DLC_resnet50_entrenamiento_mderechaJun21shuffle1_20000,DLC_resnet50_entrenamiento_mderechaJun21shuffle1_20000,DLC_resnet50_entrenamiento_mderechaJun21shuffle1_20000,DLC_resnet50_entrenamiento_mderechaJun21shuffle1_20000,DLC_resnet50_entrenamiento_mderechaJun21shuffle1_20000,DLC_resnet50_entrenamiento_mderechaJun21shuffle1_20000,DLC_resnet50_entrenamiento_mderechaJun21shuffle1_20000,DLC_resnet50_entrenamiento_mderechaJun21shuffle1_20000
bodyparts,indice,indice,indice,corazon,corazon,corazon,anular,anular,anular,menique,menique,menique
coords,x,y,likelihood,x,y,likelihood,x,y,likelihood,x,y,likelihood
0,767.1908569335938,-2.3214759826660156,9.637020411901176e-05,-6.040678977966309,-0.21718502044677734,0.0003122985363006592,0.8168296813964844,-5.672576904296875,4.13274101447314e-05,-6.119572639465332,2.8606488704681396,0.0002339184284210205
1,767.1177368164062,-2.327939987182617,9.794159996090457e-05,-5.941409111022949,-0.23743534088134766,0.00031250715255737305,0.8761718273162842,-5.785802841186523,4.032077413285151e-05,-6.169377326965332,2.836707592010498,0.00022339820861816406
2,767.2183837890625,-2.461099624633789,8.674994023749605e-05,-5.838222503662109,-0.31104278564453125,0.0003153085708618164,0.9223182201385498,-5.871638298034668,3.946713331970386e-05,-6.260562896728516,2.793015956878662,0.0002162456512451172
3,767.23828125,-2.3809804916381836,8.644165063742548e-05,-5.8372907638549805,-0.30208301544189453,0.0003223419189453125,0.8787212371826172,-5.842581748962402,4.098992212675512e-05,-6.140838623046875,2.878626823425293,0.000221937894821167
4,767.1927490234375,-2.483414649963379,8.500059630023316e-05,-5.875080108642578,-0.3524751663208008,0.0003237426280975342,0.7853906154632568,-5.869937896728516,4.1533341573085636e-05,-6.1930694580078125,2.925601005554199,0.00021976232528686523
5,767.1072387695312,-2.489858627319336,7.680584531044587e-05,-6.096016883850098,-0.19677400588989258,0.0003083944320678711,0.8713312149047852,-5.926363945007324,4.1434435843257234e-05,-6.227447509765625,2.947429895401001,0.00022667646408081055
6,766.8560791015625,-2.7550129890441895,6.909629883011803e-05,-6.096165657043457,-0.18363094329833984,0.0003050267696380615,0.9898660182952881,-5.948359489440918,3.9909249608172104e-05,-6.3767242431640625,2.750227928161621,0.00021919608116149902
7,767.0936279296875,-2.5908360481262207,7.241284765768796e-05,-6.33016300201416,-0.09532928466796875,0.0002823472023010254,0.7919063568115234,-6.0030927658081055,3.786175511777401e-05,-6.151156425476074,2.9435129165649414,0.00021564960479736328
8,767.1053466796875,-2.440986156463623,7.915064634289593e-05,-6.281584739685059,-0.1332111358642578,0.00028130412101745605,0.8454387187957764,-6.042210578918457,3.726932482095435e-05,-6.2218122482299805,2.911745071411133,0.00021719932556152344
9,767.0140380859375,-2.783432960510254,7.213775825221092e-05,-6.15839958190918,-0.2666802406311035,0.0002945363521575928,0.7864151000976562,-5.8788251876831055,3.9689715777058154e-05,-6.113603591918945,2.7488796710968018,0.00022104382514953613
10,767.1928100585938,-2.6197738647460938,6.567146920133382e-05,-5.959601402282715,-0.18338441848754883,0.0003089010715484619,0.8118264675140381,-5.924212455749512,4.2370207665953785e-05,-5.819011688232422,2.9216485023498535,0.0002294480800628662
11,766.9638671875,-2.8328237533569336,7.351945532718673e-05,-6.124419212341309,-0.1990375518798828,0.00029528141021728516,0.6492090225219727,-5.846804618835449,3.9649235986871645e-05,-5.93679141998291,2.892648935317993,0.00022602081298828125
12,767.202880859375,-2.604722023010254,6.189311534399167e-05,-5.989325523376465,-0.37117862701416016,0.00031307339668273926,0.845834493637085,-5.848581314086914,4.096553675481118e-05,-6.22194766998291,2.553680181503296,0.00022011995315551758
13,767.10791015625,-2.576333999633789,7.728697528364137e-05,-5.7207136154174805,-0.03999471664428711,0.00036334991455078125,0.9178783893585205,-5.6925764083862305,4.3953798012807965e-05,-6.156932830810547,2.6877379417419434,0.0002397000789642334
14,767.0587158203125,-2.7765355110168457,6.676400516880676e-05,-5.986969947814941,-0.044354915618896484,0.0003097951412200928,1.0976824760437012,-5.7724456787109375,4.254772647982463e-05,-6.030141830444336,3.273754596710205,0.00022274255752563477
15,766.9103393554688,-2.7135071754455566,6.123467028373852e-05,-6.225552558898926,-0.36170291900634766,0.0003000199794769287,0.7729785442352295,-6.1277570724487305,3.6760444345418364e-05,-6.50022029876709,2.5772151947021484,0.00020805001258850098
16,766.5730590820312,-2.8790369033813477,7.164918497437611e-05,-5.917078018188477,0.029404640197753906,0.0003599822521209717,0.811021089553833,-5.691595077514648,4.123882536077872e-05,-5.881513595581055,2.8145456314086914,0.00023171305656433105
17,766.922607421875,-2.52152156829834,6.118119927123189e-05,-5.501943588256836,-0.34482431411743164,0.00036785006523132324,0.9489150047302246,-6.106494903564453,3.634405948105268e-05,-6.151411056518555,2.567782163619995,0.00020515918731689453
18,766.800048828125,-2.6800003051757812,6.95830603945069e-05,-6.156472206115723,-0.1422257423400879,0.0003324747085571289,1.0707423686981201,-5.811941146850586,4.31875123467762e-05,-6.7561750411987305,2.815354347229004,0.0002142488956451416
19,766.5225830078125,-2.940967559814453,6.412064976757392e-05,-5.893009185791016,0.10469293594360352,0.0003737211227416992,0.715395450592041,-5.683328628540039,4.181412805337459e-05,-6.372196197509766,3.0201921463012695,0.00022971630096435547
20,766.6876831054688,-2.733065128326416,6.777219823561609e-05,-6.275979995727539,0.0009248256683349609,0.00032150745391845703,0.4791107177734375,-6.076667785644531,4.2307987314416096e-05,-6.990041732788086,3.4034006595611572,0.0002224445343017578
21,766.3970947265625,-2.8415908813476562,7.02805191394873e-05,-5.91951847076416,-0.16228818893432617,0.00039964914321899414,0.3654623031616211,-6.256319046020508,3.992546771769412e-05,-7.305161476135254,2.7318270206451416,0.00020885467529296875
22,766.582275390625,-2.736802577972412,7.181042019510642e-05,-6.393459320068359,0.01965785026550293,0.00037929415702819824,0.5488796234130859,-6.029074668884277,4.446033562999219e-05,-6.963813781738281,3.1290321350097656,0.00021380186080932617
23,766.6821899414062,-2.54836368560791,6.95731068844907e-05,-6.0512237548828125,0.04144454002380371,0.00039118528366088867,0.45131373405456543,-6.1255035400390625,3.7401528970804065e-05,-7.461183547973633,2.782069683074951,0.00020453333854675293
24,766.5,-2.799074649810791,7.334773545153439e-05,-6.442176818847656,-0.07762622833251953,0.00038611888885498047,0.1234443187713623,-6.052746772766113,4.2186875361949205e-05,-7.15262508392334,2.9856019020080566,0.0002161264419555664
25,766.6776733398438,-2.6624464988708496,6.972860137466341e-05,-6.5260009765625,-0.5067439079284668,0.00033468008041381836,-0.016109466552734375,-6.415715217590332,3.7811310903634876e-05,-7.135348320007324,2.686316967010498,0.00020259618759155273
26,766.3506469726562,-2.8881683349609375,7.410222315229475e-05,-6.870940208435059,-0.3920726776123047,0.00026106834411621094,0.0026950836181640625,-6.317363739013672,3.370607373653911e-05,-7.14212703704834,2.935337543487549,0.00018030405044555664
27,766.6515502929688,-2.450995445251465,6.733212649123743e-05,-6.258950233459473,-0.517643928527832,0.0003052949905395508,0.19063353538513184,-6.371648788452148,3.560329059837386e-05,-6.899852752685547,2.8756332397460938,0.00020250678062438965
28,766.6217651367188,-2.5866522789001465,7.803999324096367e-05,-6.447406768798828,-0.519310474395752,0.0003013014793395996,0.5465371608734131,-5.960022926330566,4.283557063899934e-05,-6.218474388122559,2.879227876663208,0.00022917985916137695
29,350.9632873535156,-3.781017303466797,0.0009933114051818848,349.3402404785156,-4.106093406677246,0.0011551976203918457,351.51739501953125,-0.7247328758239746,6.482793105533347e-05,348.7773132324219,3.5773983001708984,0.00024434924125671387
30,398.9330749511719,75.94794464111328,0.9984692931175232,364.2616882324219,82.74296569824219,0.9537801146507263,338.0280456542969,72.29168701171875,0.9946229457855225,320.91937255859375,34.04890823364258,0.6510988473892212
31,401.7540588378906,109.9477310180664,0.9979301691055298,357.1345520019531,111.09832763671875,0.9886300563812256,334.6666564941406,98.27106475830078,0.9969111084938049,317.2601623535156,62.09709548950195,0.9956207275390625
32,403.983642578125,122.43421936035156,0.9986197352409363,359.3193054199219,122.65868377685547,0.9890111684799194,336.8096923828125,105.57032775878906,0.9943734407424927,318.3303527832031,70.4034652709961,0.9994746446609497
33,406.6301574707031,130.0635528564453,0.9994916319847107,362.7130126953125,131.46800231933594,0.9954850673675537,337.9474182128906,117.91895294189453,0.9987558722496033,318.9428405761719,79.13485717773438,0.9990766048431396
34,408.3106384277344,135.93637084960938,0.9970146417617798,364.9062805175781,138.20291137695312,0.9906642436981201,339.8572082519531,122.06987762451172,0.9977529048919678,319.98394775390625,82.46171569824219,0.9997538328170776
35,418.54583740234375,149.5030517578125,0.9992457032203674,373.0270080566406,153.12716674804688,0.9917538166046143,346.1148376464844,136.54469299316406,0.9969550967216492,321.6100769042969,96.64876556396484,0.999887228012085
36,422.4869689941406,156.4160919189453,0.9992551207542419,377.7263488769531,158.57876586914062,0.9914079308509827,347.3298034667969,142.51890563964844,0.9908124208450317,322.0172119140625,101.39044189453125,0.9999377131462097
37,421.6346130371094,157.22682189941406,0.9996739625930786,377.2351989746094,159.28067016601562,0.9938439130783081,347.3312683105469,143.13258361816406,0.9906113147735596,321.8455810546875,102.36331176757812,0.9999328851699829
38,421.3766174316406,159.4665985107422,0.9998215436935425,376.59320068359375,159.4100799560547,0.9929981231689453,346.6546325683594,145.37503051757812,0.9947361946105957,321.9392395019531,103.80126190185547,0.9999037981033325
39,421.4956359863281,160.5236053466797,0.9998652935028076,376.9931335449219,160.0272216796875,0.9945774078369141,346.4990234375,145.02322387695312,0.9933969378471375,322.21807861328125,105.28060150146484,0.9998654723167419
40,424.62957763671875,161.38442993164062,0.999255359172821,381.2939147949219,161.67742919921875,0.9973100423812866,351.0233459472656,148.75515747070312,0.997721791267395,322.05621337890625,110.8039321899414,0.9993423223495483
41,427.8332824707031,162.9553680419922,0.9996862411499023,384.45745849609375,163.4198455810547,0.9990603923797607,354.37628173828125,150.5448455810547,0.9997283220291138,323.0777282714844,111.68538665771484,0.9998160600662231
42,427.6495361328125,163.52581787109375,0.9997302293777466,384.50567626953125,163.75927734375,0.9992452263832092,355.1101379394531,151.17681884765625,0.9998003244400024,323.3219909667969,112.5960464477539,0.9998685121536255
43,427.7082824707031,163.63499450683594,0.9997181296348572,384.4732360839844,164.01426696777344,0.9990715980529785,355.4210205078125,151.2423553466797,0.9997844099998474,323.5127258300781,113.15335083007812,0.9998773336410522
44,425.1331787109375,161.85836791992188,0.9994701147079468,384.0758361816406,164.05972290039062,0.9990377426147461,355.0879821777344,150.78089904785156,0.9997646808624268,322.6395263671875,112.79623413085938,0.9998641610145569
45,411.7106628417969,154.96981811523438,0.9970853328704834,370.527099609375,158.87351989746094,0.9971885681152344,347.1063537597656,147.4166717529297,0.998079776763916,318.151123046875,110.56953430175781,0.9982354044914246
46,399.6298522949219,160.67633056640625,0.9994337558746338,363.93243408203125,161.62814331054688,0.9925558567047119,335.4862976074219,150.99343872070312,0.995136022567749,306.6971435546875,112.03567504882812,0.9989968538284302
47,391.02349853515625,167.09689331054688,0.9926283359527588,355.2228698730469,166.79295349121094,0.9691694974899292,333.0893249511719,153.01597595214844,0.9350486993789673,302.4427185058594,116.62095642089844,0.9987479448318481
48,384.4584655761719,175.4783477783203,0.9939017295837402,351.3399353027344,173.07078552246094,0.8613282442092896,321.11236572265625,163.55935668945312,0.9921367168426514,296.8473815917969,123.86256408691406,0.990692138671875
49,378.072021484375,185.5989532470703,0.9915226697921753,342.95867919921875,183.75836181640625,0.8673334121704102,320.74371337890625,169.12649536132812,0.9619088172912598,290.6817626953125,132.9817657470703,0.9993304014205933
50,362.6643981933594,220.6654815673828,0.9948117733001709,332.6578063964844,213.907958984375,0.8928661346435547,304.30419921875,201.26406860351562,0.9872962236404419,281.7461242675781,161.80618286132812,0.9985930919647217
51,359.9479675292969,232.20962524414062,0.9914645552635193,331.4227600097656,224.9109649658203,0.7542629241943359,302.82305908203125,213.39346313476562,0.9731864929199219,280.146484375,172.6856231689453,0.9976701140403748
52,359.6116027832031,244.182861328125,0.9993010759353638,325.7674865722656,235.95462036132812,0.7582046389579773,304.42108154296875,220.86480712890625,0.976380467414856,278.56573486328125,180.93063354492188,0.9992616772651672
53,358.1058349609375,254.37417602539062,0.9986611008644104,323.6928405761719,244.3932647705078,0.9296500086784363,305.0616760253906,229.4020233154297,0.9797683358192444,278.6260986328125,190.70777893066406,0.9976528882980347
54,359.4064636230469,263.4751892089844,0.9980686902999878,324.7352294921875,253.99533081054688,0.7973512411117554,302.5105895996094,238.1396026611328,0.9828553199768066,278.1695556640625,197.57965087890625,0.9992780089378357
55,361.2655944824219,288.3091735839844,0.9986247420310974,322.90960693359375,276.9975891113281,0.9398683309555054,304.03717041015625,260.7728576660156,0.9789720177650452,277.3137512207031,220.23086547851562,0.9986065626144409
56,359.9523010253906,303.0390319824219,0.9966177344322205,322.5158386230469,291.5267028808594,0.8689249753952026,302.2879638671875,276.0992736816406,0.9806830883026123,275.1202392578125,233.34078979492188,0.9996282458305359
57,362.4139404296875,314.2066345214844,0.9930625557899475,323.1785583496094,304.17510986328125,0.7355214953422546,301.9802551269531,287.6950988769531,0.9702340364456177,275.3091125488281,246.20166015625,0.999798059463501
58,364.71759033203125,321.6122741699219,0.9985045194625854,324.3353271484375,310.8256530761719,0.8657472133636475,303.1275634765625,295.4514465332031,0.9821497201919556,275.7232666015625,253.27871704101562,0.9993674755096436
59,368.8196716308594,326.572509765625,0.9962515830993652,329.5824279785156,316.74102783203125,0.7912859916687012,303.557373046875,300.0479431152344,0.9449928998947144,276.50787353515625,256.781494140625,0.9994866847991943
60,372.6629638671875,337.8998107910156,0.9998071789741516,333.81964111328125,329.6840515136719,0.9455180764198303,308.6358947753906,313.3139953613281,0.9938229322433472,283.44708251953125,269.881591796875,0.9946750402450562
61,373.532470703125,341.12127685546875,0.9996296763420105,335.0874328613281,332.2652282714844,0.9465575218200684,310.70611572265625,315.6534729003906,0.9907768964767456,283.7808837890625,273.7043151855469,0.9985395669937134
62,373.60601806640625,341.4758605957031,0.9995921850204468,335.63507080078125,333.29437255859375,0.9373362064361572,311.55853271484375,316.4288635253906,0.9908158183097839,284.25933837890625,274.5943908691406,0.9991753101348877
63,373.6502990722656,342.0901184082031,0.9993835687637329,335.3349914550781,332.9411926269531,0.9434360861778259,311.7154846191406,316.4450988769531,0.9940556287765503,284.04345703125,275.01318359375,0.99909508228302
64,373.4201354980469,341.4798583984375,0.9994447231292725,335.59210205078125,333.1230773925781,0.9387983083724976,311.6269836425781,316.318603515625,0.9945015907287598,284.10125732421875,275.4214782714844,0.9991331100463867
65,367.6174011230469,336.836181640625,0.9988507628440857,331.6285400390625,328.69000244140625,0.9218147993087769,305.2978515625,312.999755859375,0.9899411201477051,279.76116943359375,270.246337890625,0.9969654083251953
66,362.7652282714844,325.3045959472656,0.995087742805481,324.7166748046875,315.14263916015625,0.7434341311454773,302.6051940917969,299.13494873046875,0.9659250974655151,275.9596862792969,255.53334045410156,0.9993942975997925
67,357.4821472167969,307.0871887207031,0.9975629448890686,323.8647766113281,292.7412414550781,0.5944035649299622,304.83355712890625,278.565673828125,0.792451024055481,275.4066162109375,239.8114776611328,0.997965931892395
68,356.4766540527344,294.8424072265625,0.9963370561599731,325.85784912109375,282.6970520019531,0.3938305675983429,305.7938232421875,269.0791015625,0.8200732469558716,276.3658447265625,226.49853515625,0.9981160163879395
69,356.58062744140625,279.03131103515625,0.9884748458862305,332.2578430175781,268.2410583496094,0.0918729305267334,306.0940856933594,251.57298278808594,0.41478899121284485,279.818359375,214.875,0.993255078792572
70,369.2219543457031,234.300048828125,0.9806249737739563,358.885986328125,228.44635009765625,0.11860308051109314,324.7949523925781,206.31109619140625,0.06336349248886108,299.13671875,174.5836639404297,0.9372423887252808
71,377.79290771484375,209.9771728515625,0.9915438890457153,372.22113037109375,207.7366180419922,0.16434240341186523,349.9421691894531,187.44781494140625,0.10058289766311646,312.53558349609375,146.71945190429688,0.9434436559677124
72,381.2829284667969,197.64089965820312,0.9464871287345886,372.9165344238281,192.60032653808594,0.4101729393005371,348.4739990234375,172.41864013671875,0.28557586669921875,320.82611083984375,134.79405212402344,0.8763285875320435
73,387.4230041503906,188.1698760986328,0.9643739461898804,377.3876647949219,182.1054229736328,0.6728546619415283,354.28558349609375,164.8985137939453,0.42852768301963806,323.25457763671875,125.14462280273438,0.956639289855957
74,393.9246826171875,179.01841735839844,0.9630336761474609,386.8321533203125,176.48684692382812,0.7066571712493896,357.0735778808594,154.3632049560547,0.6555774807929993,328.15838623046875,117.7396011352539,0.989303708076477
75,410.8328552246094,158.7893829345703,0.9664049744606018,403.72161865234375,155.3724822998047,0.5150490999221802,372.3355712890625,133.55690002441406,0.890699028968811,340.1300048828125,97.3564682006836,0.9984675645828247
76,421.95721435546875,150.11727905273438,0.8929094076156616,410.2110900878906,151.1244659423828,0.9484578371047974,374.16021728515625,122.140380859375,0.9801808595657349,344.4125671386719,87.5397720336914,0.998987078666687
77,422.1535949707031,149.21038818359375,0.9259206056594849,411.8749084472656,150.2032012939453,0.9511057138442993,374.4099426269531,120.32198333740234,0.9762757420539856,344.5366516113281,85.45272064208984,0.9994927644729614
78,422.6470642089844,149.0395050048828,0.947190523147583,411.1498718261719,150.27671813964844,0.8450127243995667,373.8553466796875,120.31278991699219,0.9789501428604126,343.11572265625,85.3551025390625,0.9996063709259033
79,422.6405029296875,152.08071899414062,0.9709035158157349,386.52655029296875,134.04063415527344,0.4978644847869873,373.1785888671875,121.0196762084961,0.9841607809066772,341.904052734375,86.46417236328125,0.9997145533561707
80,422.0738830566406,160.29421997070312,0.9972163438796997,386.72003173828125,140.8689422607422,0.7035503387451172,371.4516906738281,130.29212951660156,0.9937691688537598,339.47039794921875,93.28948211669922,0.9985456466674805
81,423.4276123046875,161.54017639160156,0.9961932897567749,388.115478515625,142.52389526367188,0.7635830640792847,371.7469177246094,131.4354248046875,0.9945484399795532,340.5799865722656,96.05165100097656,0.9990005493164062
82,424.84161376953125,160.8247833251953,0.9915697574615479,392.5201721191406,144.2270965576172,0.6863111853599548,371.9502258300781,132.85546875,0.9933667182922363,341.030029296875,97.53190612792969,0.9989020824432373
83,425.2742919921875,161.19422912597656,0.9937834143638611,392.4286193847656,145.1623992919922,0.714457631111145,371.90765380859375,133.4153594970703,0.9958182573318481,342.0418395996094,97.94722747802734,0.9988209009170532
84,425.1520080566406,161.1287078857422,0.9946317672729492,392.5583801269531,146.31663513183594,0.6250196695327759,371.883056640625,133.98611450195312,0.9967299699783325,340.8749694824219,98.07872772216797,0.9991893768310547
85,419.1920471191406,160.73985290527344,0.9987679719924927,384.00836181640625,151.49636840820312,0.7045480012893677,369.8430480957031,137.427978515625,0.9426001310348511,334.64129638671875,97.73249816894531,0.9991411566734314
86,405.1376953125,164.0228729248047,0.999191164970398,370.10064697265625,153.38818359375,0.9148721694946289,355.39605712890625,138.61766052246094,0.9626002907752991,323.75341796875,99.14151763916016,0.9984076619148254
87,390.4648132324219,174.85865783691406,0.9970560073852539,362.2570495605469,163.16392517089844,0.7547333836555481,341.26116943359375,148.14427185058594,0.8970181941986084,313.0802917480469,107.44396209716797,0.9917536973953247
88,385.92303466796875,181.7687225341797,0.9950008392333984,356.8144836425781,169.42832946777344,0.7109458446502686,339.8162841796875,156.55813598632812,0.5772767066955566,307.8094177246094,115.12923431396484,0.9981935024261475
89,370.6358947753906,202.32699584960938,0.9944489002227783,348.00860595703125,190.7216796875,0.24924612045288086,338.2862854003906,180.41033935546875,0.12993836402893066,294.7557067871094,133.469482421875,0.9915727376937866
90,355.73931884765625,241.68824768066406,0.9985328912734985,331.6188659667969,229.5978546142578,0.4406740665435791,309.4614562988281,212.07382202148438,0.3843347132205963,282.2091979980469,170.5711212158203,0.9946278929710388
91,353.98016357421875,264.9794006347656,0.9926442503929138,326.6046447753906,252.3677520751953,0.3487749993801117,309.7147216796875,236.6698455810547,0.6687565445899963,279.2054138183594,195.65708923339844,0.995574951171875
92,355.2802734375,277.4687194824219,0.9945122003555298,323.1420593261719,262.09173583984375,0.6997116208076477,309.55279541015625,248.96974182128906,0.8497360944747925,281.29248046875,207.20620727539062,0.9928736686706543
93,358.8297424316406,290.3311767578125,0.9852789640426636,325.8676452636719,272.9923400878906,0.6192823648452759,309.7557678222656,259.5633850097656,0.806847333908081,283.15789794921875,217.3964385986328,0.9924008846282959
94,364.0706787109375,298.248779296875,0.95684814453125,335.4403381347656,285.4011535644531,0.6125839948654175,320.6700134277344,275.62579345703125,0.7833617329597473,285.9676513671875,229.36009216308594,0.9976476430892944
95,373.3510437011719,327.0589599609375,0.9929044246673584,342.448486328125,315.4684143066406,0.28228798508644104,327.3125305175781,298.3818054199219,0.9661071300506592,294.5818176269531,253.4647979736328,0.9955306053161621
96,373.3040771484375,333.36468505859375,0.9742700457572937,342.185302734375,320.6545715332031,0.3085625171661377,332.50250244140625,305.08074951171875,0.983854353427887,296.8953857421875,258.9545593261719,0.9979183673858643
97,383.0537109375,338.365234375,0.9670655727386475,369.55706787109375,337.5743408203125,0.5003750324249268,336.96270751953125,313.96441650390625,0.9556640982627869,301.5128479003906,269.0018310546875,0.9970329999923706
98,380.50885009765625,341.1871643066406,0.9662971496582031,375.620849609375,341.61297607421875,0.23429211974143982,332.9715270996094,311.3390197753906,0.952343225479126,302.31060791015625,270.52777099609375,0.9978922009468079
99,383.10504150390625,341.5627746582031,0.9715762734413147,375.9693908691406,342.32110595703125,0.2783641815185547,335.46160888671875,314.8523254394531,0.9325242638587952,303.72711181640625,271.4869689941406,0.9988565444946289
100,382.676513671875,343.4594421386719,0.951351523399353,376.0646057128906,346.87237548828125,0.34840860962867737,333.91571044921875,315.0322265625,0.9653809070587158,302.93133544921875,273.94921875,0.999369204044342
101,376.38427734375,344.40887451171875,0.963711142539978,351.383056640625,333.3002014160156,0.22606214880943298,334.3705139160156,319.1350402832031,0.914375901222229,300.317626953125,273.0675048828125,0.997642457485199
102,370.665771484375,334.8126525878906,0.9928497076034546,363.473876953125,337.7654113769531,0.5578719973564148,322.54833984375,309.7425231933594,0.9794098138809204,291.91796875,263.4026184082031,0.9994154572486877
103,362.7664489746094,327.1944885253906,0.968253493309021,336.84674072265625,317.0652160644531,0.5757537484169006,321.6335144042969,305.77923583984375,0.9771297574043274,285.33795166015625,258.42047119140625,0.9977763891220093
104,353.45391845703125,309.884521484375,0.9802974462509155,325.0693359375,297.45196533203125,0.39271366596221924,308.9510192871094,284.5604553222656,0.9179132580757141,276.67999267578125,239.52243041992188,0.9977080821990967
105,342.5006408691406,276.34259033203125,0.9943268299102783,323.66143798828125,265.5199890136719,0.17951324582099915,301.51177978515625,247.04196166992188,0.5254701972007751,268.9701232910156,209.11497497558594,0.9929186105728149
106,347.0367126464844,248.4734344482422,0.974448561668396,330.00927734375,242.1891632080078,0.6777967810630798,316.7959899902344,234.1719512939453,0.14025914669036865,273.5533447265625,183.2374267578125,0.9954560995101929
107,353.5499267578125,236.96212768554688,0.9657439589500427,333.77520751953125,230.03939819335938,0.6673442721366882,321.97821044921875,218.57798767089844,0.31794536113739014,278.9876403808594,171.85784912109375,0.986281156539917
108,357.4007263183594,226.15585327148438,0.9830431938171387,339.3780212402344,216.2041778564453,0.7721153497695923,322.8951110839844,204.57554626464844,0.2268460988998413,284.0369873046875,161.36814880371094,0.9807205200195312
109,366.42071533203125,211.9829864501953,0.9758260250091553,348.2072448730469,205.60089111328125,0.6828233003616333,332.54913330078125,194.37423706054688,0.17307084798812866,292.2438049316406,152.97032165527344,0.986987829208374
110,388.1819152832031,183.5436248779297,0.992793619632721,369.8808288574219,176.25994873046875,0.8327353596687317,353.7852783203125,164.57089233398438,0.20681798458099365,311.4457702636719,124.63021850585938,0.9907565116882324
111,403.5646057128906,171.6455078125,0.996012806892395,380.5050354003906,164.6604461669922,0.8811557292938232,356.1568603515625,151.03843688964844,0.70244300365448,323.9250183105469,114.9117431640625,0.998666524887085
112,410.59100341796875,168.26124572753906,0.9914659261703491,386.4125061035156,160.15231323242188,0.7116836905479431,366.2168884277344,144.74957275390625,0.8217121362686157,328.4821472167969,108.75889587402344,0.9902780055999756
113,415.9455261230469,163.82290649414062,0.995965838432312,387.611572265625,155.56724548339844,0.6794836521148682,370.03216552734375,145.02903747558594,0.7945656180381775,332.8272705078125,106.88037109375,0.9975412487983704
114,418.813232421875,161.25840759277344,0.9990389943122864,390.70166015625,154.09481811523438,0.696471631526947,369.605712890625,139.24777221679688,0.8963241577148438,335.193359375,104.31011962890625,0.9993896484375
115,431.3765869140625,154.65084838867188,0.988895058631897,411.3094787597656,151.31495666503906,0.37267303466796875,373.8883361816406,134.3716278076172,0.9922076463699341,344.6072692871094,98.61917114257812,0.998300313949585
116,433.13922119140625,154.89585876464844,0.9972329139709473,410.616943359375,148.94044494628906,0.544256329536438,376.11846923828125,132.798828125,0.9727613925933838,347.16485595703125,97.56229400634766,0.9956966638565063
117,434.8027648925781,155.2089080810547,0.9990297555923462,402.3502197265625,146.1079559326172,0.7005577087402344,382.5621643066406,131.31089782714844,0.9739372134208679,347.1470947265625,102.06661224365234,0.9987765550613403
118,435.42742919921875,155.25137329101562,0.9988915920257568,397.12744140625,144.9503936767578,0.7696924209594727,382.42926025390625,131.36279296875,0.9822143316268921,348.0738525390625,101.90626525878906,0.9989683628082275
119,434.959228515625,155.0595703125,0.9989641308784485,401.53765869140625,145.0207061767578,0.7491497993469238,381.86676025390625,131.88302612304688,0.9893652200698853,348.5373840332031,101.626953125,0.9989310503005981
120,435.28692626953125,154.61940002441406,0.9990967512130737,400.8928527832031,145.11767578125,0.8410159945487976,383.9499206542969,132.37225341796875,0.9857008457183838,348.6403503417969,101.94216918945312,0.9991188049316406
121,434.6470947265625,154.9715118408203,0.9993723630905151,398.1610412597656,145.98779296875,0.8853241205215454,382.99755859375,132.88626098632812,0.969717264175415,348.1098937988281,101.90724182128906,0.9989087581634521
122,433.3123474121094,157.2836456298828,0.9992260932922363,398.8929443359375,148.33648681640625,0.8952226638793945,376.63690185546875,134.5099334716797,0.9572638273239136,345.9210510253906,102.62152862548828,0.9968048334121704
123,431.9045715332031,158.395263671875,0.9984575510025024,398.40875244140625,150.78733825683594,0.5100107789039612,381.61407470703125,137.9086456298828,0.863913893699646,343.30517578125,101.05719757080078,0.9972224235534668
124,424.0672607421875,164.66493225097656,0.9908513426780701,396.3278503417969,154.02938842773438,0.6016051769256592,373.4178161621094,141.15667724609375,0.8168057799339294,339.80987548828125,105.21454620361328,0.9976614713668823
125,402.6855163574219,188.3960723876953,0.992619514465332,373.9581298828125,176.0094451904297,0.08430299162864685,365.0337829589844,172.5305938720703,0.18742457032203674,323.8570861816406,130.9932403564453,0.9963374137878418
126,388.4068908691406,212.91221618652344,0.9980990886688232,358.15313720703125,202.14395141601562,0.163649320602417,349.1228942871094,193.5538330078125,0.11135336756706238,308.58697509765625,152.22216796875,0.9955769777297974
127,381.44451904296875,224.78305053710938,0.9955036640167236,349.8704833984375,213.46168518066406,0.08357658982276917,339.20306396484375,204.08184814453125,0.18594366312026978,300.3144836425781,163.0443115234375,0.9883450269699097
128,374.771484375,238.79974365234375,0.9904094934463501,347.6048889160156,228.12530517578125,0.13700273633003235,323.95440673828125,212.194580078125,0.1829434335231781,295.6679382324219,172.52293395996094,0.987308919429779
129,371.1126708984375,249.3086395263672,0.9964032173156738,341.8493957519531,237.5579376220703,0.22057518362998962,332.05731201171875,228.5923309326172,0.4129287302494049,291.8265075683594,185.36029052734375,0.997201681137085
130,370.3489074707031,285.2095947265625,0.9963675737380981,340.0247497558594,271.3671569824219,0.32200688123703003,321.5065002441406,260.07257080078125,0.7887982130050659,290.65423583984375,219.47669982910156,0.9986771941184998
131,373.6165771484375,303.8709716796875,0.9983854293823242,340.5709533691406,290.8994140625,0.7553616762161255,321.805419921875,278.0450134277344,0.9367728233337402,292.0450744628906,236.7980499267578,0.9975390434265137
132,375.3954162597656,311.5368347167969,0.9971936345100403,339.34625244140625,299.6164855957031,0.7859504818916321,325.4837646484375,285.7179870605469,0.9662328362464905,292.5574035644531,243.68792724609375,0.9989372491836548
133,375.65911865234375,318.99761962890625,0.992790699005127,342.4708557128906,305.30291748046875,0.7045063376426697,325.19012451171875,291.7568359375,0.9706249237060547,295.8802490234375,248.97743225097656,0.9987960457801819
134,377.89300537109375,323.63726806640625,0.9969711303710938,342.11785888671875,311.9185485839844,0.47628721594810486,324.4618225097656,297.1318359375,0.955294132232666,295.7938232421875,255.27293395996094,0.9969342350959778
135,379.84515380859375,337.74603271484375,0.9888775944709778,342.9400634765625,322.2960510253906,0.28996166586875916,327.0540466308594,306.8857116699219,0.9810042381286621,297.27630615234375,263.494384765625,0.9967315793037415
136,382.0412902832031,338.4972229003906,0.9838842153549194,347.95660400390625,325.34295654296875,0.21373102068901062,326.61322021484375,308.8125915527344,0.9755299091339111,298.5690612792969,265.954345703125,0.9955829381942749
137,382.0235900878906,340.17486572265625,0.9860690832138062,376.06744384765625,341.0711669921875,0.19554534554481506,326.04461669921875,310.6645812988281,0.9754612445831299,300.5306701660156,271.93206787109375,0.9950656294822693
138,381.9372253417969,340.97698974609375,0.9884936809539795,375.7348327636719,341.2533874511719,0.13106805086135864,325.4095458984375,311.2801818847656,0.9724602699279785,300.4613037109375,273.2125244140625,0.9964339733123779
139,381.7637023925781,341.3530578613281,0.9885008335113525,349.7589111328125,330.99456787109375,0.1534883975982666,325.47210693359375,311.7350158691406,0.969982922077179,299.9382629394531,274.06256103515625,0.9977136850357056
140,382.37164306640625,341.62286376953125,0.9920444488525391,350.324951171875,331.11517333984375,0.20573821663856506,325.3031921386719,311.7898254394531,0.9715302586555481,300.47003173828125,274.79937744140625,0.9980530738830566
141,381.8341979980469,341.28338623046875,0.9918712377548218,349.77313232421875,331.0827941894531,0.2867687940597534,325.1192626953125,311.93157958984375,0.9663147926330566,299.9535217285156,274.6698303222656,0.9979451894760132
142,379.589111328125,341.1944580078125,0.9942863583564758,349.3450012207031,331.26385498046875,0.2621954083442688,325.1572570800781,312.26318359375,0.9680873155593872,299.4837951660156,274.25872802734375,0.9977229833602905
143,373.47357177734375,338.6002502441406,0.998999834060669,342.4884948730469,325.59625244140625,0.22298163175582886,323.69122314453125,311.0878601074219,0.9854156970977783,294.46600341796875,269.15277099609375,0.9974365234375
144,369.6323547363281,332.1761169433594,0.9975613355636597,339.8271179199219,321.0478210449219,0.306245356798172,323.13360595703125,307.0115661621094,0.9801831245422363,291.2822570800781,264.4930114746094,0.9996840357780457
145,355.9464416503906,296.076416015625,0.9840896725654602,322.46795654296875,275.57757568359375,0.05968618392944336,316.64569091796875,269.66064453125,0.5328648686408997,281.3306884765625,227.0709686279297,0.9745696783065796
146,342.7446594238281,246.83607482910156,0.9616168737411499,331.1787109375,242.79483032226562,0.2430717647075653,303.2506408691406,220.75814819335938,0.033064424991607666,272.994140625,181.55752563476562,0.9825222492218018
147,340.4909362792969,218.75547790527344,0.9023866653442383,329.56353759765625,215.8451385498047,0.5169828534126282,317.0158386230469,204.71473693847656,0.15076026320457458,269.2422180175781,157.37648010253906,0.5941205024719238
148,337.1096496582031,189.92379760742188,0.8910137414932251,322.8817443847656,185.3252410888672,0.3369065523147583,314.0208740234375,173.937744140625,0.05033540725708008,269.95159912109375,130.4181365966797,0.6232088208198547
149,333.4388122558594,159.66708374023438,0.8576771020889282,321.807861328125,154.3311004638672,0.08595126867294312,306.78240966796875,141.3583526611328,0.0166226327419281,269.5945739746094,100.96256256103516,0.8531215190887451
150,329.6020202636719,68.25140380859375,0.9697729349136353,320.13775634765625,63.12164306640625,0.6601782441139221,311.05010986328125,50.331886291503906,0.049814969301223755,329.5365295410156,59.156455993652344,0.01727992296218872
151,345.8506774902344,-2.1839957237243652,0.018383145332336426,326.0972900390625,16.033323287963867,0.6367228031158447,312.45648193359375,4.470783233642578,0.010302841663360596,306.80926513671875,8.337294578552246,0.006643712520599365
152,319.3554992675781,-4.847317695617676,0.000258713960647583,318.21490478515625,-3.537405014038086,0.0005741119384765625,318.6436462402344,-2.3950395584106445,4.880796404904686e-05,-2.5557641983032227,1.4299252033233643,0.0003059804439544678
153,767.78076171875,-2.3662238121032715,8.837601490085945e-05,-6.331331253051758,-1.1733951568603516,0.00023055076599121094,0.5801651477813721,-5.320335388183594,4.174901914666407e-05,-3.0138964653015137,1.749453067779541,0.00028184056282043457
154,767.5894775390625,-2.5238075256347656,0.00010164598643314093,-6.567157745361328,-1.17626953125,0.00021693110466003418,764.3448486328125,-1.1748952865600586,4.2925294110318646e-05,-3.194854259490967,1.8007190227508545,0.0002657473087310791
155,767.65673828125,-2.3014283180236816,9.641837823437527e-05,-6.495881080627441,-1.1088895797729492,0.0002206563949584961,0.8838095664978027,-5.732485771179199,4.472690125112422e-05,-3.6090664863586426,2.1921722888946533,0.0002784430980682373
156,767.3129272460938,-2.363872528076172,0.00010036007734015584,-6.480686187744141,-0.8876104354858398,0.00021833181381225586,1.0446999073028564,-5.570235252380371,4.566794814309105e-05,-3.5739893913269043,2.1524529457092285,0.0002892911434173584
157,767.5216064453125,-1.9849028587341309,0.0001223943108925596,-6.419931411743164,-0.9118514060974121,0.00020506978034973145,764.4855346679688,-1.353342056274414,5.4982505389489233e-05,-3.5704288482666016,2.090799570083618,0.00028455257415771484
158,767.4136962890625,-2.1558456420898438,0.00010787188512040302,-6.602350234985352,-0.8532528877258301,0.00020375847816467285,764.5352172851562,-1.566920280456543,4.6622881200164557e-05,-3.663557529449463,2.242187976837158,0.0002950131893157959
159,767.4641723632812,-2.2092137336730957,0.00010954168101307005,-6.565402984619141,-0.9858832359313965,0.00020271539688110352,764.566162109375,-1.684678077697754,4.742216333397664e-05,-3.5579681396484375,2.0625014305114746,0.0002815723419189453
160,767.398681640625,-2.231128215789795,0.00011864492989843711,-6.618987083435059,-1.007246494293213,0.00020134449005126953,764.8992919921875,-1.5364022254943848,5.408642755355686e-05,-3.5783557891845703,2.003664016723633,0.00026556849479675293
161,767.316650390625,-2.4776268005371094,0.00010556142660789192,-6.627967834472656,-1.0121183395385742,0.00020369887351989746,764.8662719726562,-1.5267162322998047,4.660656486521475e-05,-3.5793094635009766,2.0663986206054688,0.00027558207511901855
162,767.2073974609375,-2.3376331329345703,0.00012421607971191406,-6.401102066040039,-0.7700352668762207,0.00020006299018859863,764.9588623046875,-1.4245076179504395,5.1773640734609216e-05,-3.720309257507324,2.2164382934570312,0.0002746880054473877
163,767.491455078125,-2.201663017272949,0.00010223034769296646,-6.209171295166016,-1.0625877380371094,0.00023376941680908203,765.2185668945312,-1.265188217163086,4.947366323904134e-05,-3.308779239654541,2.223065137863159,0.00029009580612182617
164,767.477294921875,-2.204590320587158,0.00011501622066134587,-6.456793785095215,-0.9324231147766113,0.00024017691612243652,764.7944946289062,-1.4143004417419434,5.146571857039817e-05,-3.3926401138305664,2.101436138153076,0.0002751946449279785
165,767.3941040039062,-2.2786874771118164,9.212632721755654e-05,-5.995399475097656,-0.6900033950805664,0.0002581775188446045,0.8800227642059326,-6.322413444519043,3.8963604310993105e-05,-5.648628234863281,2.941622734069824,0.00022721290588378906
166,767.234130859375,-2.5343685150146484,9.266497363569215e-05,-5.741211891174316,-0.835477352142334,0.0002785623073577881,0.9878172874450684,-6.179886817932129,3.6028090107720345e-05,-5.473051071166992,2.409323215484619,0.0002135932445526123
167,767.4381713867188,-2.1661438941955566,8.886713476385921e-05,-6.045330047607422,-0.7919921875,0.0002449452877044678,764.5650634765625,-1.2959098815917969,3.873726382153109e-05,-5.219633102416992,2.5398597717285156,0.00022715330123901367
168,767.3382568359375,-2.034956455230713,9.709048754302785e-05,-6.298254013061523,-0.5877485275268555,0.00022652745246887207,764.4899291992188,-1.4850506782531738,4.137812720728107e-05,-4.605374336242676,2.6364059448242188,0.00024080276489257812
169,767.2559814453125,-2.4124808311462402,9.41500038607046e-05,-6.106571197509766,-1.0153932571411133,0.00023123621940612793,764.3666381835938,-1.4720993041992188,3.684643525048159e-05,-4.543573379516602,2.3945796489715576,0.00023496150970458984
170,767.4154052734375,-2.3060646057128906,0.00010273641964886338,-5.993223190307617,-0.38825178146362305,0.0002295374870300293,764.8117065429688,-1.210710048675537,4.491270374273881e-05,-4.3861541748046875,2.189958095550537,0.0002593100070953369
171,767.43896484375,-2.17645263671875,0.00010635414946591482,-6.156434059143066,-0.7390518188476562,0.00023230910301208496,764.8976440429688,-1.414797306060791,4.710291250376031e-05,-4.199639320373535,2.399333953857422,0.00026234984397888184
172,767.3443603515625,-2.457852840423584,0.00010831866529770195,-6.237905502319336,-0.6172337532043457,0.00021669268608093262,765.021728515625,-1.1261091232299805,4.905159221380018e-05,-3.9170408248901367,2.2596700191497803,0.0002601146697998047
173,767.3146362304688,-2.3044257164001465,0.00011673413246171549,-6.389741897583008,-0.6846656799316406,0.0002212226390838623,764.7047119140625,-1.278759479522705,4.803820775123313e-05,-3.7017579078674316,2.165825128555298,0.00026220083236694336
174,767.0958251953125,-2.432888984680176,0.0001167224399978295,-6.448553085327148,-0.3281078338623047,0.00022748112678527832,764.8899536132812,-1.348158836364746,4.6646051487186924e-05,-3.785142421722412,2.5146994590759277,0.0002510547637939453
175,767.198486328125,-2.571044445037842,0.0001266002655029297,-5.993918418884277,-0.4459958076477051,0.0002516806125640869,765.1821899414062,-1.2552037239074707,5.5646592954872176e-05,-3.558300495147705,2.2196011543273926,0.0002810359001159668
176,766.9215698242188,-2.616180896759033,0.0001430511474609375,-6.366835594177246,-0.34313011169433594,0.00024458765983581543,765.1168823242188,-1.160844326019287,5.7921271945815533e-05,-3.5833587646484375,2.3359410762786865,0.00029164552688598633
177,767.29541015625,-2.346362590789795,0.00013697147369384766,-6.494330406188965,-0.6526236534118652,0.0002181529998779297,765.833984375,-0.863802433013916,6.417613622033969e-05,-3.382967472076416,2.1627116203308105,0.000268787145614624
178,767.2137451171875,-2.4929275512695312,0.0001342296600341797,-6.778563499450684,-0.6074748039245605,0.0002199113368988037,765.599853515625,-1.087233543395996,6.243711686693132e-05,-3.198509693145752,2.0147476196289062,0.00027248263359069824
179,766.9899291992188,-2.6873769760131836,0.00015023350715637207,763.7901611328125,-1.4522185325622559,0.0002626180648803711,765.3671875,-1.224524974822998,6.728577864123508e-05,-3.276218891143799,2.0785140991210938,0.0002791881561279297
180,767.0123291015625,-2.428091049194336,0.0001367330551147461,764.0798950195312,-1.4643259048461914,0.00022390484809875488,765.9000854492188,-1.0905752182006836,6.6275657445658e-05,-3.234130382537842,2.1661128997802734,0.0002646148204803467
181,766.8954467773438,-2.4858345985412598,0.00017127394676208496,763.9478759765625,-1.2731328010559082,0.00027948617935180664,765.6795043945312,-1.1100959777832031,7.940475916257128e-05,-3.0554184913635254,2.142692804336548,0.0002675056457519531
182,766.859375,-2.4280967712402344,0.00014409422874450684,764.0222778320312,-1.4694900512695312,0.00022643804550170898,765.8417358398438,-0.9161443710327148,7.063125667627901e-05,-3.105882167816162,2.0499868392944336,0.00027307868003845215
183,766.968994140625,-2.3713369369506836,0.00015360116958618164,764.2017211914062,-1.4073667526245117,0.00024950504302978516,765.891357421875,-1.0402650833129883,8.294394501717761e-05,-3.134831428527832,1.9110825061798096,0.00027048587799072266
184,766.9719848632812,-2.278670310974121,0.0001556873321533203,764.3076782226562,-1.5376639366149902,0.00023496150970458984,765.9548950195312,-1.0149774551391602,8.33955782582052e-05,-3.18949556350708,1.914445161819458,0.0002510249614715576
185,766.9308471679688,-2.366234302520752,0.00017392635345458984,763.8901977539062,-1.3492660522460938,0.00026339292526245117,765.6869506835938,-1.0851569175720215,8.1054080510512e-05,-2.802839756011963,1.4862754344940186,0.0002688169479370117
186,766.9808349609375,-1.9926819801330566,0.00016897916793823242,764.1617431640625,-1.3094205856323242,0.00025391578674316406,765.9421997070312,-0.8430733680725098,8.897135558072478e-05,-2.8578600883483887,1.3639068603515625,0.0002770423889160156
187,766.9013671875,-2.2547173500061035,0.00018548965454101562,763.780029296875,-1.2152519226074219,0.00028890371322631836,765.793212890625,-1.0024027824401855,8.992967923404649e-05,-2.915085792541504,1.610342025756836,0.0002835392951965332
188,767.0018310546875,-2.08986234664917,0.00016754865646362305,764.1558227539062,-1.4053921699523926,0.00026038289070129395,765.8594970703125,-0.9987993240356445,9.458206477575004e-05,-3.0270347595214844,1.646205186843872,0.0002707242965698242
189,766.9981689453125,-2.199985980987549,0.00017970800399780273,763.8197021484375,-1.2740821838378906,0.0002854764461517334,765.5599975585938,-1.0845317840576172,9.0291905507911e-05,-3.1244349479675293,1.5824482440948486,0.00027954578399658203
190,767.0033569335938,-2.212212562561035,0.0001513063907623291,763.9271850585938,-1.550389289855957,0.00022166967391967773,765.8529663085938,-0.9229159355163574,7.744250615360215e-05,-3.3095455169677734,1.8653478622436523,0.0002625584602355957
191,767.1337890625,-2.277177333831787,0.00014075636863708496,763.7324829101562,-1.4872074127197266,0.00022804737091064453,765.3750610351562,-1.0776128768920898,6.961252802284434e-05,-3.3128528594970703,1.7351508140563965,0.0002606511116027832
192,766.9944458007812,-2.565575122833252,0.00016364455223083496,763.444091796875,-1.4560809135437012,0.00028258562088012695,765.1825561523438,-1.2611560821533203,6.83809703332372e-05,-3.870692729949951,2.041872024536133,0.0002480745315551758
193,767.1797485351562,-2.3291549682617188,0.00014334917068481445,763.62841796875,-1.5738310813903809,0.0002289116382598877,765.1240234375,-1.2152481079101562,6.403063889592886e-05,-3.749351978302002,2.0242912769317627,0.0002504587173461914
194,767.3008422851562,-2.1859941482543945,0.00015342235565185547,763.8658447265625,-1.4901204109191895,0.0002467930316925049,765.3433837890625,-1.0952110290527344,7.203059067251161e-05,-3.9930849075317383,2.0534586906433105,0.0002339482307434082
195,767.1865234375,-2.3407955169677734,0.00014904141426086426,-6.16165828704834,-0.39264440536499023,0.00025591254234313965,765.3303833007812,-1.1677227020263672,7.127605204004794e-05,-3.6831812858581543,1.9256834983825684,0.0002561509609222412
196,767.1342163085938,-2.385624408721924,0.00015604496002197266,-6.200051307678223,-0.16314172744750977,0.00025326013565063477,765.2526245117188,-1.317978858947754,7.488467235816643e-05,-3.71555757522583,2.1718192100524902,0.0002741515636444092
197,767.1397094726562,-2.4839606285095215,0.0001539289951324463,763.8021850585938,-1.5701985359191895,0.00025022029876708984,765.2283325195312,-1.3790435791015625,7.043343066470698e-05,-3.7766780853271484,2.0412580966949463,0.0002732574939727783
198,767.12109375,-2.4026894569396973,0.00014039874076843262,-6.427740097045898,0.008753776550292969,0.00024816393852233887,765.259765625,-1.3399968147277832,6.789329927414656e-05,-3.51625919342041,2.4089183807373047,0.0002822577953338623
199,767.138671875,-2.588736057281494,0.00014469027519226074,763.8928833007812,-1.497145175933838,0.0002428889274597168,765.4854125976562,-1.1443977355957031,6.745944847352803e-05,-3.5056357383728027,2.2788491249084473,0.0002677440643310547
200,767.0296630859375,-2.4091978073120117,0.00013592839241027832,-6.382297515869141,-0.2200794219970703,0.00023433566093444824,765.6576538085938,-0.8651719093322754,6.307702278718352e-05,-3.7977142333984375,2.104464530944824,0.00026550889015197754
201,767.1668090820312,-2.386094093322754,0.00012376904487609863,-5.968125343322754,-0.37727832794189453,0.00024178624153137207,765.4987182617188,-1.2624115943908691,6.150001718197018e-05,-3.5521388053894043,1.9959402084350586,0.00025397539138793945
202,767.0045776367188,-2.4761962890625,0.00015103816986083984,763.9754638671875,-1.3400664329528809,0.00025346875190734863,765.4974975585938,-1.002342700958252,6.984420906519517e-05,-3.7194666862487793,1.9933750629425049,0.0002493560314178467
203,767.23095703125,-2.444723129272461,0.00013712048530578613,-6.236440658569336,-0.25933027267456055,0.00022205710411071777,765.6547241210938,-1.0715465545654297,6.69619330437854e-05,-3.6273202896118164,2.026954174041748,0.00023749470710754395
204,767.0255126953125,-2.6436824798583984,0.0001437067985534668,763.87646484375,-1.3539214134216309,0.00023621320724487305,765.347900390625,-1.0543060302734375,6.384033622452989e-05,-3.6959033012390137,2.2012171745300293,0.00023666024208068848
205,766.9580078125,-2.414673328399658,0.0001569688320159912,764.1112670898438,-1.4942660331726074,0.00026100873947143555,765.5475463867188,-0.9649271965026855,8.011290628928691e-05,-3.340832233428955,2.122201681137085,0.0002626180648803711
206,766.8690185546875,-2.304244041442871,0.0001754462718963623,764.1263427734375,-1.4124045372009277,0.0002924501895904541,765.7277221679688,-0.8354620933532715,8.458737283945084e-05,-3.551321029663086,2.1111674308776855,0.0002563893795013428
207,767.0118408203125,-2.4338560104370117,0.00014141201972961426,763.880615234375,-1.4676623344421387,0.0002340078353881836,765.3526611328125,-1.098742961883545,6.439966819016263e-05,-3.245734214782715,2.094522476196289,0.0002714097499847412
208,766.8045654296875,-2.6391420364379883,0.0001583099365234375,763.8676147460938,-1.5135841369628906,0.0002633035182952881,765.4879760742188,-1.084205150604248,7.257393008330837e-05,-3.274590492248535,2.0824198722839355,0.00027489662170410156
