scorer,DLC_resnet50_21jul-mderJul21shuffle1_10000,DLC_resnet50_21jul-mderJul21shuffle1_10000,DLC_resnet50_21jul-mderJul21shuffle1_10000,DLC_resnet50_21jul-mderJul21shuffle1_10000,DLC_resnet50_21jul-mderJul21shuffle1_10000,DLC_resnet50_21jul-mderJul21shuffle1_10000,DLC_resnet50_21jul-mderJul21shuffle1_10000,DLC_resnet50_21jul-mderJul21shuffle1_10000,DLC_resnet50_21jul-mderJul21shuffle1_10000,DLC_resnet50_21jul-mderJul21shuffle1_10000,DLC_resnet50_21jul-mderJul21shuffle1_10000,DLC_resnet50_21jul-mderJul21shuffle1_10000
bodyparts,bodypart1,bodypart1,bodypart1,bodypart2,bodypart2,bodypart2,bodypart3,bodypart3,bodypart3,objectA,objectA,objectA
coords,x,y,likelihood,x,y,likelihood,x,y,likelihood,x,y,likelihood
0,303.2458190917969,228.31358337402344,0.992692768573761,265.6077575683594,244.02362060546875,0.958588182926178,238.0095672607422,238.08547973632812,0.9793318510055542,205.65538024902344,210.5123291015625,0.978843629360199
1,303.0458984375,228.52578735351562,0.9916490912437439,264.84759521484375,244.47279357910156,0.9580044746398926,237.85438537597656,238.2623748779297,0.9766575694084167,205.4439697265625,210.5379180908203,0.9785584211349487
2,302.9441833496094,228.4882049560547,0.9911911487579346,265.5865783691406,244.00047302246094,0.9562180042266846,237.96815490722656,237.96493530273438,0.977243185043335,205.68858337402344,210.52947998046875,0.9774523377418518
3,303.1082458496094,228.50677490234375,0.9917337894439697,264.6777648925781,244.83067321777344,0.9568074941635132,238.12860107421875,238.00440979003906,0.9758336544036865,205.620849609375,210.46107482910156,0.9781924486160278
4,302.9410400390625,228.5778045654297,0.9910184741020203,264.9442443847656,245.12399291992188,0.9568274021148682,237.83531188964844,237.87924194335938,0.9765669107437134,205.32940673828125,210.54873657226562,0.9791006445884705
5,302.6756896972656,228.35792541503906,0.9902445077896118,264.9901428222656,244.69007873535156,0.9599288702011108,238.44964599609375,238.10691833496094,0.9761021137237549,202.98561096191406,209.37030029296875,0.9805952310562134
6,302.792236328125,228.427490234375,0.9900892376899719,264.94879150390625,244.66062927246094,0.9581314921379089,238.4736328125,237.61595153808594,0.976684033870697,199.8963165283203,208.34738159179688,0.9911801218986511
7,302.4510498046875,228.2215576171875,0.9874880313873291,265.0343017578125,242.4146728515625,0.9563114643096924,238.0747833251953,235.69656372070312,0.9361261129379272,194.46322631835938,202.4661102294922,0.9940338134765625
8,300.6988220214844,227.91114807128906,0.9832438826560974,260.14471435546875,238.06277465820312,0.954609751701355,234.62538146972656,232.39596557617188,0.9326572418212891,192.60911560058594,197.8599395751953,0.995686948299408
9,286.15130615234375,215.71495056152344,0.9817008972167969,245.9412841796875,225.8590087890625,0.9742341041564941,221.5132293701172,221.80699157714844,0.9495620727539062,190.0666961669922,193.54554748535156,0.985496461391449
10,284.5672912597656,205.2518310546875,0.957866907119751,237.8513641357422,208.19261169433594,0.9281144142150879,210.36863708496094,205.94284057617188,0.9173091650009155,188.3984375,183.5764617919922,0.9862443804740906
11,288.2614440917969,204.5416717529297,0.9739757776260376,234.0669708251953,206.71044921875,0.8722773790359497,208.67039489746094,203.2040252685547,0.8793926239013672,182.69998168945312,176.48509216308594,0.9944241046905518
12,290.1153564453125,204.52809143066406,0.9759126901626587,235.8943634033203,206.71067810058594,0.8658018708229065,207.9758758544922,201.30972290039062,0.9011690616607666,182.0563507080078,175.08787536621094,0.9911835193634033
13,293.12017822265625,207.1282958984375,0.9792212843894958,241.33050537109375,206.19219970703125,0.8592705130577087,209.55551147460938,200.88095092773438,0.905441164970398,180.07838439941406,173.8467559814453,0.9915211200714111
14,293.651123046875,207.1619415283203,0.9760136008262634,240.86358642578125,205.47190856933594,0.8268073201179504,208.34317016601562,198.35887145996094,0.9056157469749451,178.99586486816406,172.63209533691406,0.9875181317329407
15,298.1293640136719,209.20591735839844,0.9745666980743408,245.1044158935547,208.47354125976562,0.7463985681533813,212.62940979003906,200.9960479736328,0.9050440788269043,178.84339904785156,172.19761657714844,0.9864051938056946
16,298.549560546875,210.3323211669922,0.9731535911560059,243.2053985595703,209.3596649169922,0.790975034236908,210.91139221191406,199.9049835205078,0.9158933162689209,182.56103515625,172.69247436523438,0.9870628118515015
17,298.1153564453125,209.56832885742188,0.9718513488769531,242.62310791015625,209.45860290527344,0.8223482370376587,211.1853485107422,199.50462341308594,0.9058401584625244,182.85350036621094,172.71229553222656,0.9873101115226746
18,292.6767883300781,205.94847106933594,0.9755479693412781,240.7293243408203,206.04150390625,0.8305588960647583,208.00921630859375,199.16387939453125,0.8913295269012451,178.23207092285156,171.9458465576172,0.9854703545570374
19,291.86798095703125,204.90655517578125,0.9769344329833984,241.5310821533203,206.28216552734375,0.8969293236732483,205.1426239013672,201.478759765625,0.8449010848999023,179.50225830078125,181.80418395996094,0.9969115257263184
20,288.1270446777344,201.61810302734375,0.977630615234375,242.82369995117188,209.33946228027344,0.9340271949768066,208.99754333496094,211.27728271484375,0.9244036674499512,192.95364379882812,194.5737762451172,0.9866691827774048
21,287.47869873046875,201.8582000732422,0.9785900115966797,242.9817352294922,209.08750915527344,0.944672703742981,212.19271850585938,214.87875366210938,0.9239159226417542,193.42640686035156,196.2051239013672,0.9895337820053101
22,287.40948486328125,201.3420867919922,0.9762645959854126,242.95860290527344,208.91976928710938,0.9429299235343933,215.03724670410156,217.72161865234375,0.8927198052406311,192.96719360351562,196.19654846191406,0.9907997846603394
23,285.14556884765625,200.96231079101562,0.9625123739242554,240.03311157226562,208.10289001464844,0.9152493476867676,215.87750244140625,219.04541015625,0.8922643661499023,193.87681579589844,197.14443969726562,0.9931758642196655
24,284.11328125,200.54983520507812,0.9589052796363831,239.29576110839844,207.63975524902344,0.9038673043251038,215.02015686035156,219.4017791748047,0.8929899334907532,194.20843505859375,196.81898498535156,0.9932329058647156
25,284.8568115234375,200.96939086914062,0.9642027616500854,233.63592529296875,209.9619140625,0.8616651892662048,216.9428253173828,228.294677734375,0.9574214220046997,195.6949920654297,196.73634338378906,0.9946310520172119
26,284.3514709472656,200.95526123046875,0.9632518291473389,239.32142639160156,208.59165954589844,0.667357861995697,229.83734130859375,235.4209747314453,0.9759050607681274,196.14515686035156,197.2731475830078,0.9967000484466553
27,284.0463562011719,200.91506958007812,0.9647855758666992,238.4189910888672,208.1611328125,0.6087377071380615,229.30416870117188,235.1941680908203,0.9779529571533203,195.95274353027344,196.82032775878906,0.9969542622566223
28,283.8924865722656,200.54397583007812,0.9700111150741577,239.3367156982422,208.44003295898438,0.7634636163711548,230.3576202392578,235.32920837402344,0.9768232107162476,196.10211181640625,197.1220703125,0.9970755577087402
29,283.44732666015625,200.42034912109375,0.9719908833503723,239.06080627441406,208.4498291015625,0.7931655645370483,230.1056365966797,235.40855407714844,0.9776164293289185,196.2715301513672,197.0382537841797,0.9970014691352844
30,283.1772155761719,200.39361572265625,0.9698696732521057,250.7147979736328,218.610107421875,0.8953540325164795,228.5870819091797,235.9582977294922,0.9734125733375549,196.4313201904297,197.89320373535156,0.9973617792129517
31,283.0072326660156,199.89517211914062,0.9605215191841125,263.6553955078125,230.549072265625,0.9436043500900269,229.0786590576172,236.1122589111328,0.9655587673187256,196.36363220214844,197.49217224121094,0.9976073503494263
32,282.9053039550781,200.0902557373047,0.9366658926010132,266.260009765625,230.6930389404297,0.7886650562286377,229.10455322265625,236.29141235351562,0.9666122198104858,195.90443420410156,197.57882690429688,0.9978379011154175
33,281.8533020019531,199.85931396484375,0.9420903921127319,267.8840026855469,234.36952209472656,0.8205560445785522,228.93186950683594,236.0113067626953,0.967622697353363,196.3778533935547,197.04400634765625,0.9976484775543213
34,281.1965026855469,199.3830108642578,0.94383704662323,266.3514709472656,231.04957580566406,0.8237693309783936,228.61553955078125,235.7027587890625,0.9665417075157166,195.79150390625,196.7122039794922,0.9977115988731384
35,282.7240905761719,199.73915100097656,0.9403497576713562,267.3614196777344,233.86451721191406,0.8421789407730103,228.25885009765625,235.8233642578125,0.9667765498161316,196.21282958984375,197.17648315429688,0.9975376129150391
36,289.472900390625,205.02369689941406,0.9741431474685669,267.87615966796875,233.84364318847656,0.8410360813140869,228.48507690429688,236.28384399414062,0.9593697786331177,196.0863494873047,197.60719299316406,0.9977138042449951
37,308.024169921875,219.49832153320312,0.9836181402206421,268.61199951171875,237.2493896484375,0.8759369850158691,228.8051300048828,236.85247802734375,0.939285397529602,195.49374389648438,197.66177368164062,0.9974207878112793
38,309.35931396484375,219.92178344726562,0.9816125631332397,268.36566162109375,237.38551330566406,0.8726315498352051,228.3663330078125,237.03126525878906,0.9361537098884583,195.47259521484375,197.83096313476562,0.9975597858428955
39,309.34332275390625,220.70022583007812,0.9833402633666992,267.4437255859375,237.1053009033203,0.8844608068466187,225.477783203125,236.80816650390625,0.9385101795196533,195.69451904296875,198.28855895996094,0.9976330995559692
40,309.603271484375,221.55511474609375,0.982062816619873,267.30633544921875,237.35269165039062,0.8885204792022705,226.5743408203125,236.75552368164062,0.9402391910552979,195.32846069335938,198.14346313476562,0.9976598024368286
41,310.4254150390625,222.1858367919922,0.9843707084655762,267.6312255859375,238.13803100585938,0.8984858393669128,226.5583038330078,237.33863830566406,0.9467471837997437,194.98297119140625,198.45166015625,0.9976431131362915
42,309.6275939941406,222.31690979003906,0.9850064516067505,264.17132568359375,240.5369415283203,0.9428095817565918,224.70054626464844,237.02171325683594,0.9534819722175598,194.9249725341797,197.9954376220703,0.9976756572723389
43,302.27374267578125,218.13026428222656,0.9751282930374146,248.13131713867188,227.85009765625,0.8815901875495911,212.85350036621094,223.89163208007812,0.9565172791481018,188.55999755859375,193.24012756347656,0.9781514406204224
44,301.8941345214844,218.14761352539062,0.9760630130767822,246.31292724609375,225.05691528320312,0.9312516450881958,219.1142578125,218.43650817871094,0.9003512859344482,183.46751403808594,189.3665008544922,0.9843190312385559
45,290.74090576171875,209.53067016601562,0.9898896217346191,229.1033477783203,209.7603302001953,0.9002218246459961,202.55096435546875,200.5371551513672,0.8727360367774963,176.47950744628906,174.19801330566406,0.9751458168029785
46,289.15106201171875,208.05027770996094,0.9851343631744385,230.06365966796875,206.52194213867188,0.8643829822540283,203.1771697998047,201.6169891357422,0.8691743612289429,178.20108032226562,173.49093627929688,0.9697883129119873
47,287.7593994140625,207.33314514160156,0.9800220727920532,230.9629669189453,205.36720275878906,0.8646551370620728,200.96286010742188,200.61463928222656,0.8994661569595337,176.74737548828125,174.40313720703125,0.9734319448471069
48,286.70220947265625,206.64419555664062,0.9715307950973511,232.9894256591797,204.88072204589844,0.8740367889404297,202.02511596679688,201.16722106933594,0.8828949928283691,177.00094604492188,173.71389770507812,0.9792405962944031
49,286.03729248046875,205.0179443359375,0.9572100043296814,231.57662963867188,204.4006805419922,0.8836853504180908,200.28431701660156,200.07762145996094,0.9140292406082153,176.9115447998047,174.6318359375,0.9769507050514221
50,282.43780517578125,201.82398986816406,0.9596976041793823,230.72315979003906,202.81593322753906,0.8634459972381592,199.7366180419922,199.1875,0.9130516052246094,176.69720458984375,176.17686462402344,0.9810303449630737
51,280.0303649902344,198.6226043701172,0.9773491621017456,230.9613494873047,202.832763671875,0.8698060512542725,199.58056640625,200.40513610839844,0.9181318283081055,178.6002960205078,178.7786407470703,0.989779531955719
52,279.41888427734375,198.3385467529297,0.9857471585273743,232.1669921875,203.34083557128906,0.892117977142334,199.53932189941406,201.24618530273438,0.896782398223877,180.37730407714844,180.77354431152344,0.9915146827697754
53,277.7731018066406,199.03594970703125,0.9902995824813843,232.01632690429688,203.89413452148438,0.9436375498771667,208.83856201171875,218.58128356933594,0.8976329565048218,194.11734008789062,196.69400024414062,0.9896330833435059
54,277.0074768066406,198.97091674804688,0.9927269220352173,232.28460693359375,205.17559814453125,0.9145073890686035,214.173828125,221.18592834472656,0.9072445034980774,196.6462860107422,197.89125061035156,0.9925966262817383
55,276.6329040527344,197.83641052246094,0.9943245053291321,232.3678741455078,205.43865966796875,0.8626464605331421,221.125,232.9192352294922,0.9689384698867798,198.78012084960938,200.3671112060547,0.9932607412338257
56,277.236083984375,196.88143920898438,0.9938516020774841,232.7360076904297,204.72877502441406,0.7321798801422119,229.5337371826172,237.2794189453125,0.9656640291213989,199.00086975097656,200.41619873046875,0.9937770366668701
57,277.0220642089844,196.70172119140625,0.9941990971565247,232.3380126953125,204.48562622070312,0.7345405220985413,230.48385620117188,236.28138732910156,0.961405873298645,198.98085021972656,200.12728881835938,0.9935672879219055
58,277.2978210449219,197.1489715576172,0.9942237138748169,233.08885192871094,205.06448364257812,0.7280323505401611,230.57064819335938,235.27479553222656,0.9685813784599304,198.78646850585938,199.43563842773438,0.9946880340576172
59,276.7313232421875,196.78909301757812,0.9948176145553589,233.2965087890625,205.9790496826172,0.7870450019836426,231.4212188720703,234.83506774902344,0.9663304090499878,198.68490600585938,198.1676025390625,0.9953112006187439
60,276.4581604003906,195.92916870117188,0.9918969869613647,249.60215759277344,218.16578674316406,0.9541918039321899,229.79066467285156,235.27821350097656,0.9730501174926758,198.9765625,198.4357452392578,0.9971393346786499
61,275.51495361328125,194.25814819335938,0.9698072671890259,258.6551208496094,235.42755126953125,0.8840926885604858,229.1739959716797,236.9224395751953,0.9708352088928223,198.88601684570312,198.0887451171875,0.9977993965148926
62,272.9053039550781,194.03956604003906,0.9463021159172058,259.4975280761719,237.12904357910156,0.9006142020225525,229.49266052246094,236.80160522460938,0.9692084193229675,198.69906616210938,197.93215942382812,0.9977118968963623
63,273.6502990722656,194.8533172607422,0.9562691450119019,260.2786560058594,236.76803588867188,0.9099874496459961,229.10928344726562,236.64549255371094,0.969750165939331,198.43548583984375,197.9219970703125,0.9976660013198853
64,275.3479919433594,194.6551513671875,0.9666297435760498,259.89080810546875,236.63829040527344,0.9168534874916077,228.92581176757812,236.68087768554688,0.9689922332763672,198.3784637451172,198.06895446777344,0.9977233409881592
65,291.2013854980469,213.23455810546875,0.9937760829925537,259.5317077636719,236.40225219726562,0.954198956489563,227.0320281982422,236.1734619140625,0.9696624279022217,198.0879669189453,197.86009216308594,0.9976362586021423
66,300.971435546875,224.04217529296875,0.9770907163619995,260.0602111816406,238.0087890625,0.961708128452301,225.54864501953125,236.67198181152344,0.962256669998169,197.6241455078125,198.11083984375,0.99782395362854
67,301.7496337890625,224.71226501464844,0.9835758209228516,260.5309753417969,238.5001983642578,0.9666363000869751,225.145751953125,237.46807861328125,0.9616491794586182,197.208740234375,198.03375244140625,0.9980542659759521
68,301.69903564453125,224.454833984375,0.9841289520263672,260.11102294921875,238.6141815185547,0.9702053666114807,225.06802368164062,237.08782958984375,0.9601237177848816,197.629150390625,197.77609252929688,0.9980858564376831
69,301.6188659667969,224.64019775390625,0.9819303750991821,260.35003662109375,238.99624633789062,0.9703459739685059,225.08905029296875,237.21612548828125,0.9613252878189087,197.5419158935547,197.80624389648438,0.9982295036315918
70,301.6796569824219,224.7608184814453,0.9832313060760498,260.57269287109375,239.05368041992188,0.9698033332824707,225.59359741210938,237.12063598632812,0.9584927558898926,197.30258178710938,198.01144409179688,0.9982569217681885
71,301.28851318359375,224.79315185546875,0.9807901978492737,258.46466064453125,238.8533477783203,0.9696246981620789,224.4470977783203,236.5174102783203,0.9480396509170532,196.2705535888672,197.9403533935547,0.9981551766395569
72,297.1568908691406,225.01129150390625,0.9828060269355774,256.16583251953125,239.2817840576172,0.9578421711921692,224.0380096435547,233.52822875976562,0.9131031632423401,194.70425415039062,197.82850646972656,0.9979755878448486
73,292.7607116699219,222.0057373046875,0.98819899559021,255.1998291015625,239.53543090820312,0.9595880508422852,222.5511474609375,232.71640014648438,0.9228063821792603,194.57630920410156,197.4630126953125,0.997903048992157
74,282.9452209472656,213.71231079101562,0.9828500747680664,249.79945373535156,235.99642944335938,0.9154937267303467,217.4453887939453,232.61053466796875,0.9605432748794556,193.7515869140625,196.63128662109375,0.9967559576034546
75,262.6853332519531,197.01365661621094,0.989954948425293,235.7215576171875,215.97097778320312,0.9506192207336426,210.1293182373047,219.75265502929688,0.9424907565116882,188.06997680664062,192.0402374267578,0.9701343774795532
76,261.5870056152344,194.27842712402344,0.9906693696975708,230.88983154296875,207.86639404296875,0.9877461791038513,202.1690673828125,212.4279327392578,0.9630420207977295,182.66607666015625,183.93502807617188,0.9926421642303467
77,262.0735778808594,193.32504272460938,0.9893560409545898,229.446533203125,205.59188842773438,0.9869157671928406,198.9908447265625,209.0220184326172,0.9509938955307007,178.61529541015625,179.58563232421875,0.9930529594421387
78,262.6351013183594,192.06478881835938,0.9775745868682861,228.7704620361328,203.65660095214844,0.9721641540527344,200.3430633544922,202.52142333984375,0.9162442684173584,176.39125061035156,174.91465759277344,0.9785261154174805
79,262.6562805175781,192.03675842285156,0.9715453386306763,229.64625549316406,202.83248901367188,0.961388111114502,201.97808837890625,201.5678253173828,0.9122588634490967,177.15257263183594,175.28294372558594,0.9810106158256531
80,263.0466003417969,191.31402587890625,0.972298264503479,230.8358917236328,203.7942657470703,0.957992434501648,206.50245666503906,201.36859130859375,0.8904007077217102,177.89605712890625,176.3533935546875,0.9876836538314819
81,262.459228515625,190.5100860595703,0.9690882563591003,231.40538024902344,203.45034790039062,0.9565345644950867,207.8037109375,201.02996826171875,0.8919721841812134,177.69204711914062,176.36500549316406,0.9878401756286621
82,262.5132751464844,190.57398986816406,0.9714246988296509,231.350341796875,203.48292541503906,0.956801176071167,208.97683715820312,201.90635681152344,0.8877193927764893,179.14537048339844,179.0547332763672,0.9928649663925171
83,264.8140869140625,193.37057495117188,0.9826841950416565,229.15576171875,202.45809936523438,0.936103343963623,212.85009765625,210.1017303466797,0.8638820648193359,189.5050048828125,191.0758514404297,0.9485150575637817
84,264.6996154785156,192.95632934570312,0.9823477268218994,231.10549926757812,207.0601806640625,0.9397463798522949,216.5463409423828,216.5153350830078,0.9167212247848511,193.8175048828125,194.3967742919922,0.9811307787895203
85,266.6063232421875,193.06112670898438,0.9684468507766724,229.63560485839844,207.65911865234375,0.8923669457435608,226.73886108398438,227.87107849121094,0.9662563800811768,196.13558959960938,197.0055694580078,0.9939115047454834
86,266.0453796386719,192.9188690185547,0.9694520831108093,229.43954467773438,207.27450561523438,0.8811850547790527,225.70745849609375,228.16619873046875,0.9655405282974243,196.17276000976562,196.90245056152344,0.9935111999511719
87,266.5826416015625,193.50559997558594,0.9675618410110474,230.8289031982422,204.0624237060547,0.7730764150619507,231.19186401367188,232.99513244628906,0.9733172655105591,196.5206298828125,196.81747436523438,0.9933500289916992
88,266.6733093261719,193.9557342529297,0.9659878015518188,232.01719665527344,203.96603393554688,0.7606961727142334,235.8520050048828,233.22372436523438,0.9288333654403687,196.84747314453125,196.318359375,0.9936373233795166
89,266.96826171875,194.0640869140625,0.9674636125564575,231.9429168701172,203.72227478027344,0.7684108018875122,235.183349609375,233.1690673828125,0.945879340171814,196.97608947753906,196.82704162597656,0.993288516998291
90,266.9432373046875,192.86810302734375,0.9594004154205322,237.11566162109375,205.25343322753906,0.8299376964569092,235.9354705810547,233.02264404296875,0.9526644945144653,196.8295135498047,195.65188598632812,0.9945123195648193
91,264.63641357421875,191.81771850585938,0.9301904439926147,242.40158081054688,212.7262725830078,0.8612212538719177,235.4774169921875,227.45733642578125,0.9486680030822754,197.1529998779297,196.14634704589844,0.9947869777679443
92,264.061279296875,190.98580932617188,0.9099409580230713,253.23263549804688,233.94552612304688,0.7873575687408447,234.27809143066406,231.33981323242188,0.9240680932998657,196.9716796875,196.0209503173828,0.9959414005279541
93,264.9678039550781,190.95074462890625,0.8445078134536743,260.3730163574219,234.06637573242188,0.8842645883560181,234.98789978027344,231.36090087890625,0.9504785537719727,196.73121643066406,195.72792053222656,0.9960774779319763
94,264.0234375,193.06529235839844,0.8730101585388184,260.45599365234375,233.62994384765625,0.8849697113037109,234.8013916015625,231.8306427001953,0.9468601942062378,196.9908905029297,195.8574981689453,0.9963079690933228
95,272.63134765625,194.5433349609375,0.9417624473571777,260.1566162109375,232.57318115234375,0.8935596942901611,235.5846710205078,232.16810607910156,0.9459018111228943,197.3195343017578,195.81602478027344,0.9966177940368652
96,284.7789001464844,214.85203552246094,0.9769946932792664,257.0361022949219,232.32302856445312,0.9767266511917114,235.65171813964844,232.99813842773438,0.9325567483901978,197.20721435546875,196.1237030029297,0.9972966909408569
97,295.87017822265625,225.05079650878906,0.9909489154815674,259.0130310058594,235.90200805664062,0.9578629732131958,236.27011108398438,232.9334716796875,0.9267049431800842,196.08749389648438,195.9466094970703,0.9969741106033325
98,295.8734130859375,225.29383850097656,0.9912012815475464,258.6150207519531,235.94314575195312,0.9581242203712463,236.1333770751953,233.21621704101562,0.930662989616394,196.1915283203125,195.94496154785156,0.9966773986816406
99,295.4649658203125,225.5548858642578,0.9933858513832092,258.83001708984375,236.41580200195312,0.9552923440933228,236.7587890625,233.4534149169922,0.9124050140380859,196.0127716064453,196.45904541015625,0.9972366690635681
100,295.2816162109375,225.84751892089844,0.9942298531532288,258.5359802246094,236.76126098632812,0.9519132375717163,235.43753051757812,232.09593200683594,0.8887383937835693,190.8826904296875,194.2443084716797,0.9914584159851074
101,295.72149658203125,225.6666259765625,0.9938400387763977,259.12481689453125,235.73306274414062,0.9248807430267334,236.07591247558594,232.78726196289062,0.8719707131385803,175.40826416015625,180.03028869628906,0.9756693243980408
102,296.0453186035156,225.75970458984375,0.9934849739074707,259.694091796875,235.01113891601562,0.9218258857727051,236.78030395507812,233.4332733154297,0.8748458623886108,171.97914123535156,172.80072021484375,0.7892701029777527
103,296.075927734375,225.3826141357422,0.9928048849105835,258.30511474609375,236.17507934570312,0.9164798259735107,236.85055541992188,233.54559326171875,0.8808377981185913,171.89080810546875,172.08563232421875,0.7835985422134399
104,296.20245361328125,225.39852905273438,0.9927887916564941,259.4516906738281,234.8359375,0.9224910140037537,236.7220916748047,233.5084228515625,0.8785380125045776,170.88389587402344,171.88514709472656,0.8210751414299011
105,295.96246337890625,225.91925048828125,0.9932884573936462,259.04852294921875,234.8995361328125,0.9198330640792847,236.4918975830078,232.9601287841797,0.8727614879608154,171.56634521484375,171.87173461914062,0.8086692094802856
106,295.95391845703125,225.71981811523438,0.9935967326164246,259.242431640625,235.09332275390625,0.9283778667449951,236.06349182128906,232.90872192382812,0.8740895986557007,174.8129425048828,179.1614990234375,0.9651300311088562
107,296.1869201660156,226.05177307128906,0.9931435585021973,258.3457336425781,237.58558654785156,0.9584797620773315,238.4007110595703,232.40122985839844,0.9340909719467163,194.69430541992188,197.98110961914062,0.9965173006057739
108,296.26568603515625,226.2430419921875,0.9922012090682983,258.7694091796875,237.69252014160156,0.9576940536499023,238.6753692626953,232.11392211914062,0.9356407523155212,194.56134033203125,198.09640502929688,0.9964035749435425
109,296.08685302734375,226.83509826660156,0.9932612180709839,260.6207275390625,237.4530487060547,0.9524109363555908,236.5904083251953,231.57235717773438,0.9218191504478455,194.12313842773438,197.86923217773438,0.9963325262069702
110,296.280517578125,226.44619750976562,0.9909774661064148,261.3271179199219,233.3795928955078,0.9260433912277222,224.02992248535156,226.52682495117188,0.975127100944519,191.59408569335938,194.1564483642578,0.994143009185791
111,296.4071044921875,225.9972686767578,0.9858914613723755,263.9497985839844,231.83856201171875,0.8720071315765381,222.09799194335938,223.24774169921875,0.9318649768829346,190.2227783203125,191.39198303222656,0.9761629700660706
112,296.46881103515625,226.0051727294922,0.9843998551368713,268.9427795410156,235.0788116455078,0.8306987285614014,222.0756378173828,219.59779357910156,0.8870287537574768,189.68260192871094,190.20838928222656,0.9611366987228394
113,295.4375305175781,226.13742065429688,0.9832934141159058,270.6419677734375,235.13978576660156,0.7954217195510864,217.7463836669922,220.5548553466797,0.898075520992279,187.55699157714844,184.47189331054688,0.9617934226989746
114,295.2595520019531,225.9274444580078,0.983528733253479,271.5823059082031,235.3289337158203,0.7885118722915649,217.1665802001953,220.25003051757812,0.8847783803939819,188.37533569335938,186.43186950683594,0.9556436538696289
115,296.2906188964844,225.49539184570312,0.9784960746765137,272.3585510253906,235.79446411132812,0.7797583341598511,210.7364044189453,219.00558471679688,0.900495171546936,184.5286407470703,184.42324829101562,0.9908623695373535
116,296.7109375,225.1534423828125,0.9746357798576355,272.654541015625,235.66909790039062,0.7775967121124268,209.0196533203125,216.75479125976562,0.8601843118667603,185.202880859375,185.5061492919922,0.984919548034668
117,296.87176513671875,224.92550659179688,0.9731900691986084,272.9123229980469,235.8080596923828,0.7627764940261841,208.1161346435547,216.56690979003906,0.8517280220985413,184.57647705078125,184.77426147460938,0.9892528057098389
118,296.865478515625,224.7023162841797,0.9743532538414001,272.4061584472656,235.77548217773438,0.792100191116333,213.54788208007812,225.32196044921875,0.9361695051193237,187.2623748779297,186.18026733398438,0.9657321572303772
119,295.5650634765625,224.9822540283203,0.9858472347259521,263.9172668457031,233.6040802001953,0.8482659459114075,221.0733642578125,231.8077850341797,0.856116771697998,187.5760955810547,189.19410705566406,0.9620168209075928
120,296.7144775390625,224.68296813964844,0.9838577508926392,263.5042419433594,235.2644805908203,0.895538330078125,222.07228088378906,233.71209716796875,0.8815320730209351,188.03945922851562,190.97311401367188,0.9774925708770752
121,296.9396667480469,224.80050659179688,0.9834342002868652,263.3901062011719,234.93258666992188,0.8867802619934082,221.77224731445312,234.1238555908203,0.8689581155776978,188.87892150878906,192.0284881591797,0.9838451147079468
122,296.5777587890625,224.98248291015625,0.9856053590774536,263.3939208984375,235.87632751464844,0.8971905708312988,223.41064453125,232.9879913330078,0.8520965576171875,189.07154846191406,192.8228759765625,0.9849709272384644
123,296.5058288574219,226.28369140625,0.9786354303359985,247.32044982910156,228.08682250976562,0.9491915702819824,222.43003845214844,231.19586181640625,0.9120988845825195,189.8485870361328,194.51202392578125,0.9872632026672363
124,295.9266357421875,226.2139434814453,0.9745613932609558,236.47727966308594,224.85145568847656,0.6482910513877869,222.72169494628906,230.22686767578125,0.9403290748596191,189.85528564453125,194.53729248046875,0.9849066734313965
125,296.54986572265625,225.29031372070312,0.9765035510063171,221.35635375976562,211.4534149169922,0.3461313843727112,222.57469177246094,230.9638671875,0.9108098745346069,190.53079223632812,193.3761444091797,0.9873616099357605
126,296.3519592285156,225.5819549560547,0.9802014827728271,221.049560546875,212.3189239501953,0.3102090358734131,222.78305053710938,230.7946319580078,0.9033564329147339,190.3479461669922,193.0895538330078,0.986336350440979
127,296.3401184082031,225.45265197753906,0.9809155464172363,223.15476989746094,214.69984436035156,0.2809106707572937,222.20994567871094,229.50323486328125,0.9075499773025513,191.07269287109375,193.13003540039062,0.9879181385040283
128,296.8343505859375,224.51190185546875,0.979503870010376,250.34718322753906,238.66156005859375,0.9060051441192627,224.15208435058594,233.2805938720703,0.8845316171646118,191.34793090820312,194.0025177001953,0.9944896697998047
129,296.68145751953125,224.51878356933594,0.977760910987854,252.20980834960938,237.51708984375,0.9046590924263,223.75494384765625,232.27706909179688,0.8939988017082214,191.22206115722656,194.2384490966797,0.9930627346038818
130,294.0943908691406,222.3919677734375,0.9890981912612915,252.4822540283203,236.35121154785156,0.9208886027336121,220.3809051513672,233.37234497070312,0.9084435701370239,191.2429962158203,194.50384521484375,0.9939602613449097
131,269.2071838378906,203.92149353027344,0.9077544808387756,253.33694458007812,234.977294921875,0.9009628891944885,223.97230529785156,232.8448486328125,0.9479985237121582,191.75863647460938,194.2147674560547,0.9933136105537415
132,262.2669372558594,197.9770965576172,0.9706624746322632,251.90281677246094,235.35211181640625,0.8682626485824585,224.59573364257812,233.58071899414062,0.9556987285614014,191.4306640625,194.67774963378906,0.9919187426567078
133,255.58831787109375,195.15762329101562,0.880597710609436,251.5232391357422,235.66905212402344,0.8360884189605713,224.3621368408203,233.24131774902344,0.9636107683181763,191.6947021484375,194.854248046875,0.990670919418335
134,257.8973693847656,195.10061645507812,0.9334079623222351,251.7200469970703,235.5178680419922,0.8469412326812744,224.33163452148438,233.3064727783203,0.9597664475440979,191.50070190429688,194.5957794189453,0.9913911819458008
135,260.358642578125,195.3448028564453,0.9590914249420166,251.36935424804688,235.0327606201172,0.859176516532898,224.31092834472656,233.326171875,0.9638715386390686,191.85781860351562,194.43862915039062,0.9925611019134521
136,264.0632629394531,197.88107299804688,0.9736068248748779,251.86181640625,235.0476837158203,0.86783766746521,224.3731689453125,233.16673278808594,0.9633389711380005,191.4796142578125,194.7578887939453,0.9919760227203369
137,279.0657043457031,212.79449462890625,0.9913656115531921,252.29588317871094,235.91500854492188,0.9266894459724426,223.34349060058594,232.29519653320312,0.9465861320495605,191.89346313476562,194.40451049804688,0.9941834211349487
138,289.3402404785156,223.46658325195312,0.9911661148071289,252.0800018310547,236.47866821289062,0.9250601530075073,223.4644775390625,232.26925659179688,0.9246702194213867,191.74937438964844,194.85743713378906,0.9942967891693115
139,291.78857421875,228.37518310546875,0.9968546032905579,251.2638702392578,238.19041442871094,0.9413449764251709,223.48265075683594,232.90748596191406,0.9135192632675171,191.44654846191406,195.40777587890625,0.9952068328857422
140,291.7242736816406,228.68829345703125,0.9968078136444092,250.8502960205078,238.79791259765625,0.9534254670143127,223.81781005859375,233.2029266357422,0.9062399864196777,190.91165161132812,195.8824920654297,0.9951637387275696
141,291.36688232421875,228.78515625,0.9969332218170166,250.24783325195312,239.6685791015625,0.9591069221496582,223.51495361328125,233.7297821044922,0.9027724266052246,190.83192443847656,196.2991180419922,0.9956990480422974
142,291.0400085449219,228.6647186279297,0.9971469044685364,250.3433074951172,239.56585693359375,0.9607342481613159,223.64291381835938,233.65695190429688,0.9049428701400757,191.40255737304688,196.2605438232422,0.9963772296905518
143,284.2131042480469,225.25404357910156,0.977211594581604,249.1201171875,235.5730743408203,0.9011297225952148,206.45297241210938,225.0059051513672,0.947239875793457,186.2828369140625,191.48545837402344,0.9912716150283813
144,279.0871276855469,221.7820281982422,0.9792481660842896,234.8908233642578,229.78179931640625,0.849945068359375,196.952880859375,218.45361328125,0.8765054941177368,177.2318115234375,183.24339294433594,0.9941034913063049
145,270.2852783203125,209.85491943359375,0.9877408742904663,219.98646545410156,213.08262634277344,0.8988282084465027,190.42599487304688,200.83038330078125,0.9080212116241455,171.57513427734375,170.92935180664062,0.9461251497268677
146,268.292236328125,206.36265563964844,0.9667296409606934,217.4864959716797,207.25860595703125,0.8894728422164917,188.718505859375,198.40374755859375,0.925051748752594,171.6455841064453,169.98463439941406,0.9428365230560303
147,268.0345458984375,205.8695831298828,0.9670429229736328,218.66111755371094,206.35906982421875,0.8893216848373413,188.98460388183594,198.332275390625,0.9348629117012024,171.59393310546875,169.72552490234375,0.9409438967704773
148,267.6613464355469,203.79393005371094,0.957640528678894,218.7669219970703,205.59921264648438,0.8897572755813599,188.3806610107422,196.38583374023438,0.9296228289604187,171.52017211914062,169.20980834960938,0.9286235570907593
149,268.0079650878906,204.13502502441406,0.9627976417541504,217.96035766601562,204.1620330810547,0.897413969039917,189.27481079101562,196.47584533691406,0.9282881021499634,171.71961975097656,169.75518798828125,0.9404033422470093
150,266.9979553222656,202.51763916015625,0.9375070333480835,219.27493286132812,203.5119171142578,0.8932604789733887,193.80335998535156,200.2297821044922,0.8960187435150146,180.60813903808594,182.46090698242188,0.9944034218788147
151,266.98974609375,202.19383239746094,0.9643553495407104,224.56228637695312,204.99143981933594,0.8768587112426758,202.74984741210938,213.8282012939453,0.9382639527320862,193.5736083984375,190.9215545654297,0.9533156156539917
152,267.8732604980469,200.54806518554688,0.9736658930778503,225.1835174560547,206.17239379882812,0.8655940294265747,211.611572265625,218.1427764892578,0.9491947889328003,195.06094360351562,192.99185180664062,0.9680913686752319
153,267.1340637207031,200.108154296875,0.9726384282112122,223.67283630371094,206.79653930664062,0.7746437191963196,217.8326416015625,222.44740295410156,0.9384505748748779,194.8719024658203,193.33123779296875,0.9697575569152832
154,266.90484619140625,199.95541381835938,0.9740493297576904,223.8867645263672,206.9614715576172,0.7651905417442322,217.8212432861328,222.48269653320312,0.9418253302574158,194.769287109375,193.0125732421875,0.970359206199646
155,268.0485534667969,201.3908233642578,0.9636247754096985,244.53443908691406,209.16717529296875,0.7113656997680664,216.61566162109375,227.821533203125,0.9640011191368103,194.658203125,193.03836059570312,0.9748382568359375
156,268.6820068359375,201.83480834960938,0.9598113298416138,242.70301818847656,209.59764099121094,0.7893450260162354,224.21495056152344,228.58432006835938,0.9724923372268677,192.9435272216797,192.76409912109375,0.9843100309371948
157,269.33648681640625,201.68170166015625,0.9591317176818848,240.5315704345703,208.18728637695312,0.8109700679779053,224.30397033691406,226.87892150878906,0.9726979732513428,193.0622100830078,192.75645446777344,0.9876191020011902
158,269.2166748046875,201.61973571777344,0.9594910144805908,239.09161376953125,208.84107971191406,0.8583939075469971,223.46144104003906,225.29595947265625,0.9712121486663818,193.81214904785156,192.75990295410156,0.9885855317115784
159,265.71636962890625,198.77386474609375,0.9676125049591064,240.67247009277344,214.76844787597656,0.9387066960334778,223.27452087402344,225.31478881835938,0.973332941532135,193.89273071289062,192.55599975585938,0.9871214628219604
160,264.5626525878906,198.285400390625,0.9505605697631836,253.60342407226562,225.8950958251953,0.9666862487792969,224.97531127929688,226.85885620117188,0.9735379219055176,193.73529052734375,192.5848388671875,0.9915648698806763
161,268.40533447265625,201.61390686035156,0.8828507661819458,255.41506958007812,230.3022918701172,0.942767858505249,221.78057861328125,229.6162109375,0.9689261317253113,193.53465270996094,192.3626708984375,0.9920127987861633
162,268.98736572265625,201.52731323242188,0.9004877805709839,255.54190063476562,229.54286193847656,0.9492411613464355,222.36563110351562,230.01055908203125,0.9718770980834961,193.14646911621094,192.84527587890625,0.9924883842468262
163,269.1648254394531,201.1197509765625,0.9234234094619751,255.5068817138672,229.366455078125,0.9502406120300293,222.1248321533203,229.95310974121094,0.9723721742630005,193.48223876953125,192.2908477783203,0.9928244948387146
164,271.3538818359375,202.38670349121094,0.9364997148513794,256.27423095703125,229.01513671875,0.9602089524269104,221.9827423095703,230.2183074951172,0.9713449478149414,193.62203979492188,192.98846435546875,0.9926028251647949
165,291.05938720703125,225.2892608642578,0.9960891008377075,253.48175048828125,231.36000061035156,0.9502526521682739,220.69198608398438,227.83905029296875,0.9599766731262207,192.8040008544922,192.46153259277344,0.9935275316238403
166,291.2120056152344,225.3583984375,0.9957318305969238,253.80307006835938,231.36143493652344,0.9476637244224548,220.75015258789062,228.0350799560547,0.9631122350692749,193.17236328125,192.7499237060547,0.9942499399185181
167,291.3869323730469,225.7039337158203,0.9964228868484497,254.0581817626953,231.25234985351562,0.9477427005767822,220.7140350341797,228.0973358154297,0.9646786451339722,193.56472778320312,192.8377685546875,0.9941160678863525
168,291.3080749511719,225.81558227539062,0.9960964918136597,253.95216369628906,231.3107147216797,0.9479358196258545,220.38397216796875,227.6783905029297,0.9624415636062622,193.49215698242188,193.19110107421875,0.9947409629821777
169,291.1951904296875,225.83030700683594,0.9959503412246704,253.81759643554688,231.47824096679688,0.9464142322540283,220.63597106933594,227.88943481445312,0.966285228729248,193.60092163085938,193.35667419433594,0.9945318698883057
170,291.1148376464844,226.09913635253906,0.9965023994445801,254.3805389404297,231.7162628173828,0.942529559135437,220.7324676513672,228.25486755371094,0.9669291973114014,193.3621063232422,193.3064727783203,0.9945068359375
171,291.0386657714844,225.80209350585938,0.9965827465057373,254.12025451660156,232.16932678222656,0.9378565549850464,220.5152130126953,228.22683715820312,0.963697612285614,194.1208038330078,193.171142578125,0.9946914315223694
172,291.17974853515625,226.00717163085938,0.9965444207191467,254.63845825195312,232.35057067871094,0.9356263279914856,220.305908203125,228.7071533203125,0.9640930891036987,193.37728881835938,193.15968322753906,0.9947504997253418
173,291.0228271484375,225.94129943847656,0.9964972138404846,254.219482421875,232.6425323486328,0.9365609884262085,220.43125915527344,228.5479278564453,0.9638397097587585,193.33053588867188,193.16883850097656,0.9944493770599365
174,290.9891357421875,225.91879272460938,0.996596097946167,253.63050842285156,232.6812744140625,0.9314587712287903,220.48138427734375,228.13868713378906,0.9613861441612244,193.5008087158203,193.10914611816406,0.9944429993629456
175,290.7884216308594,226.15403747558594,0.9965721964836121,254.0352783203125,234.67324829101562,0.9319162964820862,220.2368621826172,228.48394775390625,0.9624662399291992,193.62051391601562,192.99856567382812,0.9944403171539307
176,290.98382568359375,226.20045471191406,0.9970390796661377,254.6638641357422,234.8924102783203,0.9374886751174927,221.01498413085938,228.50381469726562,0.9629385471343994,193.79794311523438,193.0911102294922,0.9940056800842285
177,290.9121398925781,226.255615234375,0.996940016746521,254.5312042236328,234.82257080078125,0.9390045404434204,220.7191619873047,229.06936645507812,0.961965799331665,193.94285583496094,193.22874450683594,0.9946224689483643
178,290.8415222167969,226.4015350341797,0.9968945980072021,253.99969482421875,235.13307189941406,0.9379540681838989,220.8050537109375,228.83811950683594,0.9602446556091309,193.6934051513672,193.13287353515625,0.9943081140518188
179,290.8382263183594,226.51242065429688,0.9968422651290894,254.33644104003906,235.31993103027344,0.9391398429870605,220.64024353027344,229.49349975585938,0.9611436724662781,193.62588500976562,192.96104431152344,0.9943585991859436
180,291.0864562988281,226.66497802734375,0.9965899586677551,254.35360717773438,235.63656616210938,0.9423644542694092,220.97909545898438,229.62449645996094,0.9607720375061035,193.584716796875,193.25621032714844,0.9953765869140625
181,290.8117370605469,226.53623962402344,0.9966453313827515,253.9653778076172,235.59742736816406,0.9405490159988403,220.99244689941406,229.7926788330078,0.9592647552490234,193.79537963867188,193.38919067382812,0.9952053427696228
182,291.0447998046875,226.6840362548828,0.9966274499893188,253.84942626953125,235.6419219970703,0.9408327341079712,220.75587463378906,229.66778564453125,0.9548066854476929,193.6621856689453,193.0576171875,0.9948735237121582
183,290.9567565917969,226.7311248779297,0.9964485168457031,253.5230255126953,235.56932067871094,0.9397134780883789,220.64950561523438,229.56124877929688,0.9585996866226196,193.35748291015625,193.3463134765625,0.9946594834327698
184,290.89837646484375,226.62928771972656,0.9965436458587646,253.68649291992188,235.61083984375,0.9399340152740479,220.89732360839844,229.78700256347656,0.956360936164856,193.99395751953125,193.25978088378906,0.9944038391113281
185,290.7979736328125,226.42613220214844,0.9964869022369385,253.6724853515625,235.5028533935547,0.9375245571136475,220.73643493652344,229.5910186767578,0.9596389532089233,193.1448974609375,192.94935607910156,0.9947293996810913
186,290.6462707519531,226.53221130371094,0.9965966939926147,252.8991241455078,235.6879425048828,0.93393874168396,220.46646118164062,230.29173278808594,0.9568885564804077,193.73770141601562,193.1234588623047,0.9946295619010925
187,290.85791015625,226.5733184814453,0.996672511100769,253.3801727294922,235.7250213623047,0.9363290071487427,220.7916717529297,230.15818786621094,0.9583135843276978,193.46450805664062,193.01051330566406,0.9949730634689331
188,290.8081359863281,226.2803497314453,0.9966556429862976,253.2909698486328,235.71444702148438,0.9381386637687683,220.89427185058594,230.09872436523438,0.9595537185668945,194.00173950195312,193.06655883789062,0.9950394630432129
